{"stats":{"minecraft:dropped":{"minecraft:brown_mushroom":1,"minecraft:birch_planks":1,"minecraft:wheat_seeds":12,"minecraft:diamond":4,"minecraft:mangrove_propagule":1,"minecraft:feather":3,"minecraft:cobblestone":172,"minecraft:leather":5,"minecraft:polished_andesite":7,"minecraft:polished_andesite_stairs":6,"minecraft:iron_axe":1,"minecraft:iron_pickaxe":1,"minecraft:string":2,"minecraft:pink_petals":12,"minecraft:pink_tulip":1,"minecraft:white_tulip":2,"minecraft:raw_copper":74,"minecraft:tuff":1,"minecraft:birch_sapling":1,"minecraft:raw_iron":20,"minecraft:rotten_flesh":8,"minecraft:white_bed":2,"minecraft:allium":7,"minecraft:peony":2,"minecraft:iron_chestplate":1,"minecraft:stripped_cherry_log":1,"minecraft:raw_gold":6,"minecraft:red_tulip":2},"minecraft:used":{"minecraft:cherry_sapling":1,"minecraft:chest":6,"minecraft:iron_sword":84,"minecraft:torch":1,"minecraft:dirt":31,"minecraft:mutton":7,"minecraft:cherry_pressure_plate":4,"minecraft:cobblestone_wall":78,"minecraft:wooden_axe":69,"minecraft:red_tulip":3,"minecraft:lantern":11,"minecraft:iron_axe":558,"minecraft:cherry_slab":45,"minecraft:polished_andesite_stairs":36,"minecraft:cherry_trapdoor":207,"minecraft:cherry_button":32,"minecraft:beef":7,"minecraft:furnace":1,"minecraft:cherry_fence":114,"minecraft:cherry_log":389,"minecraft:cobblestone_stairs":87,"minecraft:birch_planks":246,"minecraft:stone_pickaxe":134,"minecraft:polished_andesite":125,"minecraft:wooden_pickaxe":179,"minecraft:cherry_planks":80,"minecraft:cobblestone_slab":538,"minecraft:crafting_table":6,"minecraft:white_bed":7,"minecraft:cherry_door":4,"minecraft:chicken":2,"minecraft:iron_pickaxe":577,"minecraft:stone_axe":263,"minecraft:wooden_sword":63,"minecraft:cobblestone":325,"minecraft:cherry_stairs":169,"travelersbackpack:standard":1,"minecraft:cooked_porkchop":15,"minecraft:andesite":57,"minecraft:stripped_cherry_log":27},"minecraft:killed":{"minecraft:spider":3,"minecraft:skeleton":3,"minecraft:chicken":2,"minecraft:zombie_villager":1,"minecraft:sheep":5,"minecraft:zombie":23,"minecraft:cow":6},"minecraft:killed_by":{"minecraft:zombie_villager":1,"minecraft:player":2,"minecraft:spider":3,"minecraft:skeleton":5,"minecraft:zombie":8},"minecraft:mined":{"minecraft:tuff":1,"minecraft:white_bed":10,"minecraft:dark_oak_leaves":16,"minecraft:deepslate_diamond_ore":4,"minecraft:cherry_log":209,"minecraft:cobblestone_stairs":17,"minecraft:jungle_leaves":1,"minecraft:stripped_cherry_log":26,"minecraft:dark_oak_log":1,"minecraft:cherry_trapdoor":26,"minecraft:allium":5,"minecraft:grass_block":31,"minecraft:moss_block":1,"minecraft:furnace":4,"minecraft:iron_ore":7,"minecraft:fire":6,"minecraft:andesite":64,"minecraft:pumpkin":1,"minecraft:peony":2,"minecraft:red_tulip":5,"minecraft:cave_vines":1,"minecraft:deepslate_iron_ore":13,"minecraft:cobblestone_slab":44,"minecraft:vine":15,"minecraft:lantern":3,"minecraft:pink_tulip":2,"minecraft:stone":558,"minecraft:white_tulip":3,"minecraft:cherry_stairs":9,"minecraft:podzol":3,"minecraft:brown_mushroom":1,"minecraft:cherry_planks":20,"minecraft:crafting_table":5,"minecraft:torch":2,"minecraft:short_grass":89,"minecraft:blast_furnace":3,"minecraft:polished_andesite_stairs":3,"minecraft:chest":4,"minecraft:tall_grass":45,"minecraft:copper_ore":33,"minecraft:cobblestone":13,"minecraft:deepslate_gold_ore":6,"minecraft:cherry_slab":13,"minecraft:pink_petals":5,"minecraft:cherry_fence":55,"minecraft:birch_planks":105,"minecraft:cobblestone_wall":2,"minecraft:birch_log":11,"minecraft:spruce_log":7,"minecraft:cherry_door":2,"minecraft:coal_ore":40,"minecraft:cherry_leaves":267,"minecraft:dirt":5,"minecraft:polished_andesite":5,"minecraft:deepslate":48,"minecraft:fern":15},"minecraft:custom":{"minecraft:mob_kills":45,"minecraft:interact_with_crafting_table":72,"minecraft:leave_game":10,"minecraft:time_since_death":6877,"minecraft:climb_one_cm":4504,"minecraft:sprint_one_cm":524260,"minecraft:walk_one_cm":912703,"minecraft:drop":36,"minecraft:talked_to_villager":1,"minecraft:play_time":469531,"minecraft:deaths":23,"minecraft:walk_under_water_one_cm":898,"minecraft:jump":2319,"minecraft:walk_on_water_one_cm":2163,"minecraft:total_world_time":469531,"minecraft:interact_with_furnace":2,"minecraft:sleep_in_bed":19,"minecraft:time_since_rest":6950,"minecraft:damage_taken":6919,"minecraft:damage_dealt":7220,"minecraft:swim_one_cm":7808,"minecraft:fly_one_cm":214995,"minecraft:open_chest":16,"minecraft:fall_one_cm":81074},"minecraft:crafted":{"minecraft:cherry_planks":1092,"minecraft:wooden_sword":1,"minecraft:cobblestone_slab":558,"minecraft:cherry_pressure_plate":12,"minecraft:cherry_slab":54,"minecraft:cobblestone_stairs":76,"minecraft:cherry_trapdoor":186,"minecraft:cherry_stairs":168,"minecraft:stone_pickaxe":1,"minecraft:cobblestone_wall":102,"minecraft:chest":2,"minecraft:cherry_fence":60,"minecraft:crafting_table":1,"minecraft:spruce_planks":28,"minecraft:polished_andesite_stairs":36,"minecraft:wooden_pickaxe":3,"minecraft:cherry_button":47,"minecraft:birch_planks":20,"minecraft:stone_axe":2,"minecraft:stick":60,"minecraft:wooden_axe":1,"minecraft:cherry_door":3,"minecraft:white_bed":1,"minecraft:polished_andesite":176},"minecraft:picked_up":{"minecraft:crafting_table":5,"minecraft:iron_chestplate":1,"minecraft:allium":9,"minecraft:chicken":2,"minecraft:brown_mushroom":1,"minecraft:stripped_cherry_log":28,"minecraft:shield":1,"minecraft:string":3,"minecraft:iron_axe":4,"minecraft:raw_copper":112,"minecraft:cobbled_deepslate":46,"minecraft:beef":11,"minecraft:white_tulip":3,"minecraft:cobblestone_slab":32,"minecraft:light_gray_wool":1,"minecraft:iron_pickaxe":2,"minecraft:chest":4,"minecraft:birch_sapling":1,"minecraft:cherry_trapdoor":25,"minecraft:furnace":1,"minecraft:stick":13,"minecraft:raw_iron":20,"minecraft:cherry_stairs":6,"minecraft:torch":2,"minecraft:cherry_log":590,"minecraft:rotten_flesh":14,"minecraft:arrow":3,"minecraft:peony":2,"minecraft:red_tulip":5,"minecraft:pink_tulip":3,"minecraft:mutton":7,"minecraft:cobblestone":1031,"minecraft:white_wool":3,"minecraft:birch_log":31,"minecraft:pink_petals":17,"minecraft:feather":3,"minecraft:cherry_planks":21,"minecraft:andesite":197,"minecraft:leather":6,"minecraft:birch_planks":272,"minecraft:tuff":1,"minecraft:cherry_fence":54,"minecraft:cobblestone_stairs":15,"minecraft:cobblestone_wall":2,"minecraft:cherry_door":3,"minecraft:dirt":36,"minecraft:lantern":17,"minecraft:bone":6,"minecraft:wheat_seeds":18,"minecraft:raw_gold":6,"minecraft:iron_sword":1,"minecraft:polished_andesite_stairs":6,"minecraft:cooked_porkchop":22,"minecraft:white_bed":9,"minecraft:spruce_log":7,"minecraft:dark_oak_log":3,"minecraft:spider_eye":1,"travelersbackpack:standard":1,"minecraft:polished_andesite":10,"minecraft:diamond":4,"minecraft:cherry_sapling":7,"minecraft:cherry_slab":7,"minecraft:coal":43,"minecraft:mangrove_propagule":1},"minecraft:broken":{"minecraft:wooden_pickaxe":3,"minecraft:stone_pickaxe":1,"minecraft:iron_axe":2,"minecraft:stone_axe":2,"minecraft:iron_pickaxe":2,"minecraft:wooden_axe":1}},"DataVersion":3953}