{"stats":{"minecraft:picked_up":{"minecraft:crafting_table":1,"minecraft:golden_pickaxe":3,"minecraft:iron_sword":1,"minecraft:dark_oak_log":3,"minecraft:iron_axe":1},"minecraft:killed_by":{"minecraft:creeper":1},"minecraft:mined":{"minecraft:dark_oak_log":4},"minecraft:custom":{"minecraft:jump":186,"minecraft:open_chest":2,"minecraft:time_since_rest":2454,"minecraft:walk_on_water_one_cm":3218,"minecraft:deaths":3,"minecraft:damage_taken":902,"minecraft:sprint_one_cm":32978,"minecraft:play_time":14873,"minecraft:time_since_death":2372,"minecraft:walk_one_cm":16846,"minecraft:sleep_in_bed":1,"minecraft:total_world_time":14873,"minecraft:walk_under_water_one_cm":10937,"minecraft:swim_one_cm":5747,"minecraft:fall_one_cm":6541,"minecraft:fly_one_cm":23668}},"DataVersion":3953}