{"stats":{"minecraft:used":{"minecraft:baked_potato":7,"minecraft:ladder":1,"minecraft:cherry_planks":280,"minecraft:iron_sword":31,"minecraft:rotten_flesh":2,"minecraft:dirt":6,"minecraft:crafting_table":1,"minecraft:dark_oak_log":4,"minecraft:iron_axe":93,"minecraft:iron_pickaxe":26,"minecraft:pink_bed":1,"minecraft:cobblestone":23,"minecraft:cherry_stairs":15,"minecraft:andesite":17,"minecraft:cooked_beef":9,"minecraft:cherry_log":84,"travelersbackpack:fox":4,"minecraft:golden_pickaxe":66},"minecraft:picked_up":{"minecraft:pink_petals":1,"minecraft:crafting_table":1,"minecraft:allium":2,"minecraft:cooked_beef":9,"minecraft:ladder":1,"minecraft:cherry_planks":29,"minecraft:andesite":17,"minecraft:golden_pickaxe":3,"minecraft:flint":1,"minecraft:brick":4,"minecraft:dirt":6,"minecraft:iron_axe":1,"minecraft:apple":27,"minecraft:kelp":114,"minecraft:wheat_seeds":3,"minecraft:heart_of_the_sea":1,"minecraft:white_tulip":1,"minecraft:glass_bottle":3,"minecraft:iron_sword":1,"minecraft:cherry_trapdoor":2,"minecraft:egg":1,"minecraft:dark_oak_sapling":17,"minecraft:pink_bed":1,"minecraft:stick":14,"minecraft:cherry_stairs":5,"minecraft:gravel":4,"minecraft:sand":23,"minecraft:cherry_log":246,"minecraft:dark_oak_log":29,"travelersbackpack:fox":3,"minecraft:rotten_flesh":3,"minecraft:tropical_fish":2,"minecraft:cherry_sapling":18,"minecraft:pink_tulip":2,"minecraft:glow_berries":47,"minecraft:coal":3,"minecraft:cobblestone":66},"minecraft:killed_by":{"minecraft:skeleton":2,"minecraft:creeper":1,"minecraft:zombie":5},"minecraft:mined":{"minecraft:cherry_planks":30,"minecraft:pink_bed":1,"minecraft:cherry_log":25,"minecraft:dark_oak_log":7,"travelersbackpack:fox":2,"minecraft:cherry_trapdoor":4,"minecraft:ladder":1,"minecraft:short_grass":2,"minecraft:grass_block":2,"minecraft:decorated_pot":1,"minecraft:chest":2,"minecraft:andesite":17,"minecraft:dark_oak_stairs":6,"minecraft:coal_ore":3,"minecraft:gravel":5,"minecraft:sand":23,"minecraft:dirt":8,"minecraft:bamboo":2,"minecraft:stone":61,"minecraft:cherry_stairs":7},"minecraft:crafted":{"minecraft:cherry_planks":296,"minecraft:baked_potato":24,"minecraft:cherry_stairs":12},"minecraft:killed":{"minecraft:zombie":3},"minecraft:broken":{"minecraft:golden_pickaxe":3},"minecraft:custom":{"minecraft:interact_with_furnace":6,"minecraft:mob_kills":3,"minecraft:interact_with_crafting_table":2,"minecraft:time_since_death":4137,"minecraft:sleep_in_bed":3,"minecraft:climb_one_cm":976,"minecraft:time_since_rest":4204,"minecraft:sprint_one_cm":158228,"minecraft:damage_taken":5068,"minecraft:walk_one_cm":135286,"minecraft:damage_dealt":629,"minecraft:swim_one_cm":15535,"minecraft:fly_one_cm":217262,"minecraft:open_chest":9,"minecraft:crouch_one_cm":7,"minecraft:play_time":104873,"minecraft:deaths":14,"minecraft:sneak_time":262,"minecraft:walk_under_water_one_cm":32581,"minecraft:jump":908,"minecraft:walk_on_water_one_cm":13906,"minecraft:total_world_time":104873,"minecraft:fall_one_cm":31380}},"DataVersion":3953}