{"stats":{"minecraft:picked_up":{"minecraft:pink_petals":5,"minecraft:crafting_table":6,"minecraft:allium":2,"minecraft:cherry_planks":5,"minecraft:clay_ball":128,"minecraft:water_bucket":1,"minecraft:andesite":10,"minecraft:fern":3,"minecraft:leather":1,"minecraft:golden_leggings":1,"minecraft:birch_planks":3,"minecraft:tuff":37,"travelersbackpack:spider":1,"minecraft:cobblestone_wall":12,"minecraft:lapis_lazuli":27,"minecraft:dirt":5,"minecraft:raw_copper":16,"minecraft:cherry_pressure_plate":1,"minecraft:cobblestone_slab":3,"minecraft:wheat_seeds":1,"minecraft:cobbled_deepslate":120,"minecraft:raw_gold":5,"minecraft:spruce_planks":2,"minecraft:beef":3,"minecraft:white_tulip":1,"minecraft:light_gray_wool":1,"minecraft:iron_pickaxe":1,"minecraft:moss_block":3,"minecraft:cherry_trapdoor":13,"minecraft:egg":4,"minecraft:scaffolding":124,"minecraft:stick":2,"minecraft:raw_iron":13,"minecraft:cherry_stairs":20,"minecraft:torch":32,"minecraft:cherry_log":100,"minecraft:white_bed":1,"minecraft:redstone":23,"minecraft:golden_chestplate":1,"minecraft:rotten_flesh":1,"minecraft:diamond":15,"minecraft:diamond_axe":1,"minecraft:cherry_sapling":1,"minecraft:pink_tulip":2,"minecraft:cherry_slab":8,"minecraft:glow_berries":1,"minecraft:coal":17,"minecraft:cobblestone":174},"minecraft:killed_by":{"minecraft:player":1,"minecraft:creeper":2,"minecraft:zombie":5,"minecraft:enderman":1},"minecraft:dropped":{"minecraft:cherry_stairs":3,"minecraft:cherry_log":11,"minecraft:golden_chestplate":1,"minecraft:diamond":7,"minecraft:raw_iron":3,"minecraft:cobblestone":64,"minecraft:cherry_slab":1,"travelersbackpack:standard":1,"minecraft:cobblestone_slab":1,"minecraft:scaffolding":32},"minecraft:broken":{"minecraft:stone_pickaxe":1,"minecraft:stone_axe":1,"minecraft:iron_axe":1,"minecraft:iron_pickaxe":1,"minecraft:golden_leggings":1},"minecraft:custom":{"minecraft:mob_kills":7,"minecraft:interact_with_crafting_table":17,"minecraft:leave_game":3,"minecraft:time_since_death":1692,"minecraft:sleep_in_bed":7,"minecraft:climb_one_cm":23651,"minecraft:time_since_rest":1718,"minecraft:sprint_one_cm":176644,"minecraft:damage_taken":5274,"minecraft:walk_one_cm":404736,"minecraft:drop":10,"minecraft:damage_dealt":1192,"minecraft:swim_one_cm":21211,"minecraft:fly_one_cm":88218,"minecraft:open_chest":29,"minecraft:crouch_one_cm":37,"minecraft:play_time":256870,"minecraft:deaths":16,"minecraft:sneak_time":453,"minecraft:walk_under_water_one_cm":1199,"minecraft:jump":1365,"minecraft:walk_on_water_one_cm":10605,"minecraft:total_world_time":256870,"minecraft:fall_one_cm":66675},"minecraft:crafted":{"minecraft:cherry_planks":584,"minecraft:cobblestone_slab":126,"minecraft:crafting_table":1,"minecraft:cherry_slab":48,"minecraft:wooden_pickaxe":1,"minecraft:cobblestone_stairs":56,"minecraft:birch_planks":316,"minecraft:stone_axe":1,"minecraft:cherry_trapdoor":104,"minecraft:diamond_leggings":1,"minecraft:stick":24,"minecraft:cherry_stairs":176,"minecraft:stone_pickaxe":4,"minecraft:wooden_axe":1,"minecraft:diamond_chestplate":1},"minecraft:killed":{"minecraft:skeleton":1,"minecraft:zombie":3,"minecraft:chicken":2,"minecraft:cow":1},"minecraft:used":{"minecraft:cherry_sapling":1,"minecraft:cobblestone_stairs":15,"minecraft:pink_tulip":1,"minecraft:white_tulip":1,"minecraft:birch_planks":33,"minecraft:stone_pickaxe":247,"minecraft:wooden_pickaxe":32,"minecraft:cherry_planks":10,"minecraft:iron_sword":53,"minecraft:diamond_axe":1,"minecraft:cobblestone_slab":16,"minecraft:torch":17,"minecraft:dirt":1,"minecraft:cherry_pressure_plate":6,"minecraft:crafting_table":7,"minecraft:allium":2,"minecraft:wooden_axe":59,"minecraft:iron_axe":118,"minecraft:cherry_slab":46,"minecraft:iron_pickaxe":175,"minecraft:cherry_trapdoor":113,"minecraft:stone_axe":130,"minecraft:cherry_stairs":180,"minecraft:beef":2,"travelersbackpack:standard":1,"minecraft:scaffolding":154,"minecraft:cooked_porkchop":7,"minecraft:cherry_fence":1,"minecraft:cherry_log":124},"minecraft:mined":{"minecraft:deepslate_redstone_ore":5,"minecraft:scaffolding":26,"minecraft:cherry_pressure_plate":2,"minecraft:tuff":37,"minecraft:cherry_planks":8,"minecraft:deepslate_diamond_ore":1,"minecraft:cherry_log":102,"minecraft:clay":32,"minecraft:crafting_table":6,"minecraft:torch":3,"minecraft:cherry_trapdoor":17,"minecraft:short_grass":27,"minecraft:allium":2,"minecraft:tall_grass":1,"minecraft:copper_ore":4,"minecraft:lapis_ore":4,"minecraft:deepslate_gold_ore":5,"minecraft:moss_block":3,"minecraft:cherry_slab":5,"minecraft:birch_planks":3,"minecraft:iron_ore":5,"minecraft:andesite":8,"minecraft:cobblestone_slab":2,"minecraft:coal_ore":20,"minecraft:cave_vines":1,"minecraft:deepslate_iron_ore":7,"minecraft:vine":1,"minecraft:cherry_leaves":7,"minecraft:dirt":5,"minecraft:pink_tulip":1,"minecraft:stone":179,"minecraft:white_tulip":1,"minecraft:cherry_stairs":23,"minecraft:deepslate":124,"minecraft:fern":12}},"DataVersion":3953}