{"stats":{"minecraft:picked_up":{"minecraft:crafting_table":6,"minecraft:allium":2,"minecraft:clay_ball":128,"minecraft:flower_pot":4,"travelersbackpack:spider":3,"minecraft:raw_copper":16,"minecraft:cherry_pressure_plate":1,"minecraft:blackstone":8,"minecraft:cobbled_deepslate":120,"minecraft:spruce_planks":2,"minecraft:beef":8,"minecraft:white_tulip":1,"minecraft:cobblestone_slab":3,"minecraft:iron_nugget":1,"minecraft:light_gray_wool":1,"minecraft:poppy":2,"minecraft:iron_pickaxe":2,"minecraft:lectern":1,"minecraft:cherry_trapdoor":31,"minecraft:egg":5,"minecraft:raw_iron":13,"minecraft:stick":2,"minecraft:cherry_stairs":20,"minecraft:torch":32,"minecraft:cherry_log":101,"minecraft:redstone":23,"minecraft:golden_chestplate":1,"minecraft:rotten_flesh":1,"minecraft:pink_tulip":2,"minecraft:glow_berries":1,"minecraft:cobblestone":221,"minecraft:birch_log":1,"minecraft:pink_petals":5,"minecraft:feather":1,"minecraft:cherry_planks":5,"minecraft:salmon":1,"minecraft:water_bucket":1,"minecraft:andesite":19,"minecraft:golden_leggings":1,"minecraft:leather":3,"minecraft:fern":3,"minecraft:potato":12,"minecraft:birch_planks":3,"minecraft:tuff":37,"minecraft:cobblestone_wall":12,"minecraft:lapis_lazuli":27,"minecraft:dirt":5,"minecraft:apple":3,"minecraft:wheat_seeds":1,"minecraft:raw_gold":5,"minecraft:birch_wood":1,"minecraft:moss_block":3,"minecraft:oak_planks":1,"minecraft:book":84,"minecraft:scaffolding":125,"minecraft:white_bed":1,"minecraft:diamond":15,"minecraft:writable_book":1,"minecraft:granite":1,"minecraft:diamond_axe":1,"minecraft:cherry_sapling":1,"minecraft:bread":1,"minecraft:cherry_slab":10,"minecraft:coal":17},"minecraft:broken":{"minecraft:golden_leggings":1,"minecraft:stone_pickaxe":1,"minecraft:iron_axe":1,"minecraft:stone_axe":1,"minecraft:iron_pickaxe":1},"minecraft:killed_by":{"minecraft:player":1,"minecraft:creeper":2,"minecraft:enderman":1,"minecraft:skeleton":1,"minecraft:zombie":5},"minecraft:dropped":{"minecraft:iron_ingot":4,"minecraft:cherry_log":11,"minecraft:diamond":7,"minecraft:feather":1,"minecraft:cobblestone":64,"minecraft:leather":2,"travelersbackpack:standard":1,"minecraft:cherry_trapdoor":27,"minecraft:wooden_axe":1,"travelersbackpack:spider":1,"minecraft:iron_pickaxe":1,"minecraft:birch_log":1,"minecraft:cherry_stairs":3,"minecraft:golden_chestplate":1,"minecraft:raw_iron":3,"minecraft:birch_wood":1,"minecraft:cherry_slab":1,"minecraft:cobblestone_slab":1,"minecraft:scaffolding":33,"minecraft:egg":1},"minecraft:custom":{"minecraft:mob_kills":11,"minecraft:interact_with_crafting_table":25,"minecraft:open_barrel":4,"minecraft:leave_game":4,"minecraft:time_since_death":4231,"minecraft:climb_one_cm":26587,"minecraft:sprint_one_cm":257682,"minecraft:walk_one_cm":491116,"minecraft:drop":23,"minecraft:play_time":315967,"minecraft:deaths":20,"minecraft:sneak_time":507,"minecraft:walk_under_water_one_cm":4417,"minecraft:jump":2153,"minecraft:walk_on_water_one_cm":15828,"minecraft:total_world_time":315967,"minecraft:interact_with_furnace":1,"minecraft:sleep_in_bed":9,"minecraft:time_since_rest":4416,"minecraft:damage_taken":6678,"minecraft:damage_dealt":1660,"minecraft:swim_one_cm":21211,"minecraft:fly_one_cm":139635,"minecraft:open_chest":54,"minecraft:crouch_one_cm":37,"minecraft:fall_one_cm":82150},"minecraft:crafted":{"minecraft:cherry_planks":584,"minecraft:cobblestone_slab":126,"minecraft:cherry_slab":48,"minecraft:cobblestone_stairs":56,"minecraft:cherry_trapdoor":104,"minecraft:diamond_leggings":1,"minecraft:cherry_stairs":176,"minecraft:stone_pickaxe":4,"minecraft:cobblestone_wall":6,"minecraft:crafting_table":1,"minecraft:wooden_pickaxe":1,"minecraft:birch_planks":316,"minecraft:stone_axe":1,"minecraft:stick":24,"minecraft:wooden_axe":1,"minecraft:diamond_chestplate":1},"minecraft:killed":{"minecraft:skeleton":1,"minecraft:chicken":2,"minecraft:zombie":3,"minecraft:cow":5},"minecraft:used":{"minecraft:cherry_sapling":1,"minecraft:writable_book":1,"minecraft:white_tulip":1,"minecraft:iron_sword":53,"minecraft:torch":17,"minecraft:dirt":1,"minecraft:cherry_pressure_plate":6,"minecraft:cobblestone_wall":4,"minecraft:allium":2,"minecraft:granite":1,"minecraft:wooden_axe":59,"minecraft:iron_axe":118,"minecraft:cherry_slab":46,"minecraft:cherry_trapdoor":113,"minecraft:golden_carrot":1,"minecraft:beef":8,"minecraft:scaffolding":154,"minecraft:cherry_fence":1,"minecraft:cherry_log":133,"travelersbackpack:spider":6,"minecraft:water_bucket":1,"minecraft:pink_tulip":1,"minecraft:cobblestone_stairs":19,"minecraft:birch_planks":33,"minecraft:stone_pickaxe":247,"minecraft:blackstone":3,"minecraft:wooden_pickaxe":32,"minecraft:cherry_planks":10,"minecraft:diamond_axe":71,"minecraft:cobblestone_slab":25,"minecraft:crafting_table":7,"minecraft:apple":7,"minecraft:iron_pickaxe":245,"minecraft:stone_axe":130,"minecraft:cobblestone":35,"minecraft:cherry_stairs":180,"travelersbackpack:standard":1,"minecraft:cooked_porkchop":7,"minecraft:andesite":8,"minecraft:bucket":1},"minecraft:mined":{"minecraft:cherry_pressure_plate":2,"minecraft:tuff":37,"minecraft:deepslate_diamond_ore":1,"minecraft:cherry_log":103,"minecraft:stripped_cherry_log":1,"minecraft:granite":1,"minecraft:cherry_trapdoor":17,"travelersbackpack:red_sleeping_bag":1,"minecraft:allium":2,"minecraft:white_stained_glass":2,"minecraft:moss_block":3,"minecraft:iron_ore":5,"minecraft:barrel":2,"minecraft:andesite":19,"minecraft:bookshelf":29,"minecraft:vine":1,"minecraft:cave_vines":1,"minecraft:deepslate_iron_ore":7,"minecraft:cobblestone_slab":3,"minecraft:pink_tulip":1,"minecraft:white_tulip":1,"minecraft:stone":228,"minecraft:cherry_stairs":23,"travelersbackpack:spider":1,"minecraft:deepslate_redstone_ore":5,"minecraft:scaffolding":26,"minecraft:cherry_planks":8,"minecraft:blackstone":8,"minecraft:crafting_table":6,"minecraft:clay":32,"minecraft:torch":3,"minecraft:short_grass":29,"minecraft:lectern":1,"minecraft:tall_grass":4,"minecraft:copper_ore":4,"minecraft:lapis_ore":4,"minecraft:deepslate_gold_ore":5,"minecraft:oak_planks":1,"minecraft:cherry_slab":7,"minecraft:birch_planks":3,"minecraft:potted_poppy":2,"minecraft:coal_ore":20,"minecraft:cherry_leaves":7,"minecraft:dirt":5,"minecraft:potted_white_tulip":2,"minecraft:deepslate":124,"minecraft:fern":13}},"DataVersion":3953}