{"stats":{"minecraft:picked_up":{"minecraft:iron_chestplate":1,"minecraft:wheat":143,"minecraft:flower_pot":2,"minecraft:lead":40,"travelersbackpack:spider":8,"minecraft:brewing_stand":1,"minecraft:amethyst_block":156,"minecraft:string":80,"minecraft:dark_oak_trapdoor":4,"minecraft:soul_soil":20,"minecraft:raw_copper":203,"minecraft:smooth_stone_slab":52,"minecraft:cherry_pressure_plate":7,"minecraft:activator_rail":5,"minecraft:smooth_stone":51,"minecraft:gold_nugget":19,"minecraft:cobbled_deepslate":598,"minecraft:bucket":2,"minecraft:dark_oak_leaves":483,"minecraft:spruce_planks":2,"minecraft:white_tulip":59,"minecraft:written_book":1,"minecraft:cobblestone_slab":244,"minecraft:calcite":9,"minecraft:azalea":9,"minecraft:iron_pickaxe":7,"minecraft:azalea_leaves":12,"minecraft:melon_slice":34,"minecraft:iron_boots":1,"minecraft:furnace":1,"minecraft:stick":278,"minecraft:acacia_fence":5,"minecraft:big_dripleaf":4,"minecraft:oak_fence":6,"minecraft:torch":176,"minecraft:porkchop":7,"minecraft:cherry_log":611,"minecraft:pointed_dripstone":40,"minecraft:diorite":3,"minecraft:vine":4,"minecraft:golden_chestplate":1,"minecraft:orange_bed":4,"minecraft:cactus":3,"minecraft:rotten_flesh":203,"minecraft:tropical_fish":28,"minecraft:blaze_rod":3,"minecraft:obsidian":34,"minecraft:cobblestone":2385,"minecraft:birch_log":298,"minecraft:enchanting_table":2,"minecraft:pink_petals":384,"minecraft:magma_block":4,"minecraft:feather":2,"minecraft:birch_slab":237,"minecraft:cherry_planks":13,"minecraft:cherry_leaves":340,"minecraft:water_bucket":3,"minecraft:andesite":4,"minecraft:golden_leggings":1,"minecraft:brown_wool":2,"minecraft:dark_oak_boat":35,"minecraft:potato":83,"minecraft:flint":64,"minecraft:tuff":97,"minecraft:cherry_fence":21,"travelersbackpack:gold_tier_upgrade":1,"minecraft:cherry_door":7,"minecraft:lapis_lazuli":124,"minecraft:dirt":6599,"minecraft:lantern":39,"minecraft:name_tag":1,"minecraft:glass":6,"minecraft:bone":113,"minecraft:chipped_anvil":1,"minecraft:bow":3,"minecraft:wheat_seeds":662,"minecraft:raw_gold":246,"minecraft:bell":1,"minecraft:dark_oak_sign":15,"minecraft:fletching_table":12,"minecraft:bamboo":383,"minecraft:powered_rail":2,"minecraft:moss_block":46,"minecraft:oak_planks":4,"minecraft:cooked_porkchop":128,"minecraft:sand":286,"minecraft:grass_block":14,"minecraft:dark_oak_log":597,"minecraft:mossy_cobblestone":4,"minecraft:jungle_leaves":32,"minecraft:polished_andesite":15,"minecraft:diamond":263,"minecraft:crossbow":2,"minecraft:granite":55,"minecraft:golden_apple":1,"minecraft:emerald":6,"minecraft:bread":7,"minecraft:cherry_slab":115,"minecraft:netherrack":45,"minecraft:bricks":1,"minecraft:diamond_pickaxe":2,"minecraft:crafting_table":9,"minecraft:mud":6,"minecraft:coarse_dirt":8,"minecraft:allium":185,"minecraft:ominous_bottle":4,"minecraft:chicken":1,"minecraft:clay_ball":196,"minecraft:brown_mushroom":59,"minecraft:gold_block":2,"minecraft:stripped_cherry_log":35,"minecraft:chain":2,"minecraft:shield":3,"minecraft:moss_carpet":15,"minecraft:iron_axe":1,"minecraft:wooden_sword":2,"minecraft:flint_and_steel":1,"minecraft:item_frame":6,"minecraft:iron_shovel":1,"minecraft:cartography_table":3,"minecraft:beef":97,"minecraft:observer":8,"minecraft:jungle_sapling":1,"minecraft:iron_nugget":7,"minecraft:light_gray_wool":7,"minecraft:spruce_slab":1,"minecraft:lectern":2,"minecraft:sugar_cane":65,"minecraft:chest":10,"minecraft:birch_sapling":24,"minecraft:cherry_button":30,"minecraft:piston":6,"minecraft:cherry_trapdoor":4,"minecraft:egg":72,"minecraft:dark_oak_sapling":59,"minecraft:raw_iron":395,"minecraft:cherry_stairs":6,"minecraft:copper_ingot":2,"minecraft:flowering_azalea_leaves":16,"minecraft:fire_charge":2,"minecraft:redstone":249,"minecraft:dark_oak_planks":12,"minecraft:arrow":115,"minecraft:nether_bricks":19,"minecraft:shears":3,"minecraft:hay_block":53,"minecraft:pink_tulip":146,"minecraft:gold_ingot":11,"minecraft:glow_berries":74,"minecraft:mutton":67,"minecraft:white_wool":108,"minecraft:rail":11,"minecraft:birch_leaves":1,"minecraft:glow_ink_sac":14,"minecraft:salmon":1,"minecraft:leather":62,"minecraft:fern":6,"minecraft:red_mushroom":6,"minecraft:birch_planks":48,"minecraft:golden_boots":1,"minecraft:cobblestone_wall":28,"minecraft:gunpowder":36,"minecraft:cobblestone_stairs":9,"minecraft:paper":4,"minecraft:white_banner":4,"minecraft:apple":19,"minecraft:kelp":404,"minecraft:spore_blossom":5,"minecraft:iron_ingot":31,"minecraft:flowering_azalea":7,"minecraft:soul_sand":130,"minecraft:book":120,"minecraft:scaffolding":566,"minecraft:polished_andesite_stairs":2,"minecraft:dark_oak_slab":78,"minecraft:birch_boat":1,"minecraft:quartz":106,"minecraft:dripstone_block":4,"minecraft:gravel":320,"minecraft:amethyst_shard":4,"minecraft:blast_furnace":9,"minecraft:white_bed":3,"minecraft:dark_oak_fence_gate":2,"minecraft:spider_eye":11,"minecraft:leather_helmet":1,"travelersbackpack:standard":2,"minecraft:slime_ball":68,"minecraft:honey_block":3,"minecraft:short_grass":79,"minecraft:cherry_sapling":136,"minecraft:gray_wool":4,"minecraft:melon_seeds":8,"minecraft:black_wool":4,"minecraft:coal":515,"minecraft:hopper":21,"minecraft:ender_pearl":16},"minecraft:broken":{"minecraft:iron_shovel":4,"minecraft:golden_boots":2,"minecraft:diamond_helmet":1,"minecraft:shears":3,"minecraft:iron_sword":1,"minecraft:shield":2,"minecraft:iron_axe":5,"minecraft:iron_pickaxe":1,"minecraft:iron_helmet":1},"minecraft:killed_by":{"minecraft:zombie_villager":3,"minecraft:creeper":5,"minecraft:pillager":1,"minecraft:blaze":1,"minecraft:zombie":10,"minecraft:spider":2,"minecraft:enderman":11,"minecraft:slime":1,"minecraft:skeleton":11},"minecraft:dropped":{"minecraft:moss_block":19,"minecraft:short_grass":79,"minecraft:diamond_axe":1,"minecraft:diamond":7,"minecraft:dark_oak_sapling":51,"minecraft:cooked_porkchop":64,"minecraft:glow_berries":4,"minecraft:dark_oak_button":5,"minecraft:birch_slab":2,"minecraft:dirt":39,"minecraft:dark_oak_log":1,"minecraft:cherry_leaves":163,"minecraft:jungle_sapling":1,"minecraft:wooden_sword":1,"minecraft:iron_pickaxe":3,"minecraft:birch_log":2,"minecraft:dark_oak_planks":83,"minecraft:dark_oak_boat":1,"minecraft:white_wool":3,"minecraft:gold_ingot":2,"minecraft:gravel":11,"minecraft:wheat":2,"minecraft:birch_sapling":4,"minecraft:obsidian":1,"minecraft:cherry_sapling":3,"minecraft:birch_wood":1,"minecraft:rotten_flesh":9,"minecraft:oak_planks":2,"minecraft:fern":8,"minecraft:salmon":1,"minecraft:gunpowder":1,"minecraft:azalea":5,"minecraft:arrow":4,"minecraft:glass":1,"minecraft:scaffolding":2,"minecraft:written_book":1,"minecraft:netherrack":3,"minecraft:water_bucket":2,"minecraft:bread":209,"minecraft:vine":4,"minecraft:wheat_seeds":170,"minecraft:feather":2,"minecraft:cobblestone":195,"minecraft:granite":40,"minecraft:grass_block":1,"minecraft:polished_andesite":2,"minecraft:dark_oak_leaves":205,"minecraft:torch":29,"travelersbackpack:spider":2,"minecraft:jungle_leaves":16,"minecraft:polished_andesite_stairs":2,"minecraft:flowering_azalea":5,"minecraft:smooth_stone":2,"minecraft:string":11,"minecraft:pink_petals":6,"minecraft:bucket":2,"minecraft:pink_tulip":8,"minecraft:moss_carpet":7,"minecraft:chicken":1,"minecraft:light_gray_wool":1,"minecraft:filled_map":1,"minecraft:potato":16,"minecraft:allium":2,"minecraft:spruce_planks":2,"minecraft:diamond_pickaxe":1,"minecraft:andesite":4,"minecraft:stripped_cherry_log":1,"minecraft:bow":1,"minecraft:calcite":9,"minecraft:magma_block":2,"minecraft:brick":2},"minecraft:custom":{"minecraft:interact_with_crafting_table":184,"minecraft:open_barrel":2,"minecraft:leave_game":48,"minecraft:time_since_death":6441,"minecraft:sprint_one_cm":3553465,"minecraft:damage_blocked_by_shield":7365,"minecraft:drop":362,"minecraft:talked_to_villager":42,"minecraft:play_time":2099790,"minecraft:deaths":73,"minecraft:jump":27078,"minecraft:interact_with_brewingstand":8,"minecraft:walk_on_water_one_cm":349221,"minecraft:enchant_item":22,"minecraft:interact_with_furnace":276,"minecraft:traded_with_villager":12,"minecraft:interact_with_cartography_table":1,"minecraft:sleep_in_bed":81,"minecraft:damage_dealt":76963,"minecraft:player_kills":1,"minecraft:crouch_one_cm":354172,"minecraft:interact_with_smoker":32,"minecraft:use_cauldron":9,"minecraft:interact_with_anvil":7,"minecraft:mob_kills":516,"minecraft:climb_one_cm":155520,"minecraft:walk_one_cm":3969359,"minecraft:sneak_time":107278,"minecraft:walk_under_water_one_cm":259116,"minecraft:boat_one_cm":1337690,"minecraft:interact_with_blast_furnace":123,"minecraft:total_world_time":2099790,"minecraft:pot_flower":11,"minecraft:time_since_rest":6465,"minecraft:damage_taken":36023,"minecraft:swim_one_cm":491803,"minecraft:fly_one_cm":5233642,"minecraft:open_chest":1088,"minecraft:fish_caught":1,"minecraft:fall_one_cm":866835},"minecraft:crafted":{"minecraft:brick":40,"minecraft:smooth_stone":852,"minecraft:birch_wood":3,"minecraft:dark_oak_boat":4,"minecraft:cherry_slab":288,"minecraft:blaze_powder":4,"minecraft:birch_boat":1,"minecraft:chain":56,"minecraft:birch_slab":390,"minecraft:stone":1096,"minecraft:diamond_shovel":3,"minecraft:bookshelf":38,"minecraft:cooked_mutton":64,"minecraft:glass":286,"minecraft:hopper":18,"minecraft:diamond_helmet":2,"minecraft:diamond_leggings":2,"minecraft:iron_boots":1,"minecraft:chest":43,"minecraft:bricks":3,"minecraft:magenta_dye":20,"minecraft:cherry_fence":15,"minecraft:flower_pot":8,"minecraft:golden_boots":3,"minecraft:smoker":3,"minecraft:glass_bottle":3,"minecraft:item_frame":16,"minecraft:deepslate":9,"minecraft:cauldron":9,"minecraft:cooked_porkchop":6,"minecraft:diamond_axe":2,"minecraft:crafting_table":6,"minecraft:iron_helmet":1,"minecraft:fletching_table":8,"minecraft:birch_planks":388,"minecraft:cartography_table":2,"minecraft:light_gray_bed":1,"minecraft:dark_oak_slab":222,"minecraft:iron_chestplate":1,"minecraft:book":44,"minecraft:paper":117,"minecraft:diamond_pickaxe":2,"minecraft:shield":1,"minecraft:stick":212,"minecraft:iron_ingot":379,"minecraft:iron_pickaxe":1,"minecraft:iron_block":3,"minecraft:gold_ingot":246,"minecraft:black_bed":1,"minecraft:dark_oak_fence_gate":21,"minecraft:shears":3,"minecraft:cherry_planks":336,"minecraft:fishing_rod":1,"minecraft:smooth_stone_slab":102,"minecraft:iron_nugget":822,"minecraft:diamond_hoe":1,"minecraft:furnace":12,"minecraft:piston":6,"minecraft:dark_oak_trapdoor":20,"minecraft:dark_oak_sign":24,"minecraft:bone_meal":240,"minecraft:flint_and_steel":1,"minecraft:scaffolding":174,"minecraft:cherry_trapdoor":12,"minecraft:lantern":85,"minecraft:dark_oak_fence":3,"minecraft:iron_axe":2,"minecraft:diamond_boots":2,"minecraft:dark_oak_planks":1212,"minecraft:observer":6,"minecraft:wheat":414,"minecraft:cooked_beef":57,"minecraft:sugar":6,"minecraft:diamond_sword":5,"minecraft:enchanting_table":1,"minecraft:magenta_stained_glass":24,"minecraft:iron_sword":1,"minecraft:bucket":5,"minecraft:dark_oak_button":5,"minecraft:air":0,"minecraft:bread":189,"minecraft:golden_apple":4,"minecraft:gold_nugget":2,"minecraft:fermented_spider_eye":5,"minecraft:iron_shovel":3,"minecraft:iron_leggings":11,"minecraft:anvil":1,"minecraft:white_bed":33,"minecraft:torch":168,"minecraft:diamond_chestplate":2},"minecraft:killed":{"minecraft:zombified_piglin":1,"minecraft:spider":31,"minecraft:skeleton":72,"minecraft:chicken":1,"minecraft:tropical_fish":11,"minecraft:pig":1,"minecraft:zombie_villager":1,"minecraft:creeper":37,"minecraft:sheep":44,"minecraft:trader_llama":6,"minecraft:pillager":13,"minecraft:zombie":97,"minecraft:donkey":4,"minecraft:glow_squid":1,"minecraft:blaze":12,"minecraft:cow":48,"minecraft:slime":76,"minecraft:horse":2,"minecraft:drowned":7,"minecraft:wandering_trader":3,"minecraft:wither_skeleton":1,"minecraft:player":1,"minecraft:villager":1,"minecraft:enderman":30},"minecraft:used":{"minecraft:moss_block":23,"minecraft:moss_carpet":3,"minecraft:iron_shovel":987,"minecraft:shield":150,"minecraft:chest":32,"minecraft:iron_sword":281,"minecraft:diamond_hoe":240,"minecraft:stone":32,"minecraft:soul_sand":9,"minecraft:nether_bricks":19,"minecraft:tuff":95,"minecraft:allium":14,"minecraft:obsidian":18,"minecraft:big_dripleaf":4,"minecraft:glass":254,"minecraft:lava_bucket":20,"minecraft:bricks":1,"minecraft:grass_block":13,"minecraft:lantern":82,"minecraft:birch_sapling":3,"minecraft:polished_andesite_stairs":1,"minecraft:dark_oak_slab":260,"minecraft:dark_oak_leaves":77,"minecraft:cherry_leaves":41,"minecraft:item_frame":14,"minecraft:golden_sword":2,"minecraft:bow":41,"minecraft:dark_oak_boat":36,"minecraft:written_book":1,"minecraft:scaffolding":527,"minecraft:furnace":13,"minecraft:egg":29,"minecraft:potato":89,"minecraft:golden_boots":2,"travelersbackpack:spider":15,"minecraft:diorite":3,"minecraft:diamond_boots":1,"minecraft:birch_leaves":1,"minecraft:dark_oak_sign":39,"minecraft:birch_wood":1,"minecraft:sugar_cane":24,"minecraft:diamond_axe":2178,"minecraft:dark_oak_trapdoor":16,"minecraft:glow_berries":72,"minecraft:white_wool":3,"minecraft:blast_furnace":9,"minecraft:crossbow":2,"minecraft:black_bed":1,"minecraft:dripstone_block":4,"minecraft:shears":718,"minecraft:dark_oak_log":19,"minecraft:birch_slab":603,"minecraft:deepslate":9,"minecraft:gravel":127,"minecraft:flowering_azalea_leaves":4,"minecraft:diamond_sword":880,"minecraft:air":6,"minecraft:birch_log":53,"minecraft:chain":41,"minecraft:smooth_stone_slab":151,"minecraft:coarse_dirt":4,"minecraft:stripped_cherry_log":33,"minecraft:bone_meal":240,"minecraft:azalea":1,"minecraft:netherite_sword":5,"minecraft:enchanting_table":3,"minecraft:white_tulip":8,"minecraft:flint_and_steel":134,"minecraft:redstone":12,"minecraft:netherrack":28,"minecraft:orange_bed":4,"minecraft:torch":203,"minecraft:brewing_stand":1,"minecraft:anvil":1,"minecraft:dirt":6397,"minecraft:hopper":39,"minecraft:cobblestone_wall":12,"minecraft:granite":11,"minecraft:dark_oak_planks":36,"minecraft:chipped_anvil":1,"minecraft:bookshelf":35,"minecraft:iron_axe":850,"minecraft:cherry_slab":211,"minecraft:cherry_trapdoor":16,"minecraft:bamboo":3,"minecraft:light_gray_wool":1,"minecraft:soul_soil":1,"minecraft:light_gray_bed":1,"minecraft:cherry_fence":42,"minecraft:pointed_dripstone":9,"minecraft:cooked_beef":57,"minecraft:cherry_log":292,"minecraft:cobbled_deepslate":599,"minecraft:observer":14,"minecraft:wheat_seeds":246,"minecraft:cooked_mutton":56,"minecraft:water_bucket":263,"minecraft:pink_tulip":6,"minecraft:amethyst_block":125,"minecraft:lead":1,"minecraft:birch_planks":149,"minecraft:glass_bottle":9,"minecraft:polished_andesite":15,"minecraft:cartography_table":2,"minecraft:birch_boat":1,"minecraft:cherry_planks":91,"minecraft:cauldron":9,"minecraft:magenta_stained_glass":12,"minecraft:fletching_table":13,"minecraft:cobblestone_slab":35,"minecraft:mossy_cobblestone":4,"minecraft:rail":1,"minecraft:crafting_table":11,"minecraft:white_bed":36,"minecraft:dark_oak_fence_gate":23,"minecraft:smoker":3,"minecraft:piston":12,"minecraft:mud":12,"minecraft:flower_pot":10,"minecraft:activator_rail":1,"minecraft:diamond_pickaxe":4351,"minecraft:diamond_shovel":6674,"minecraft:cherry_door":4,"minecraft:iron_pickaxe":276,"minecraft:pink_petals":312,"minecraft:fishing_rod":18,"minecraft:cobblestone":448,"minecraft:potion":6,"travelersbackpack:standard":2,"minecraft:cooked_porkchop":129,"minecraft:bucket":291,"minecraft:kelp":144,"minecraft:splash_potion":1,"minecraft:smooth_stone":720},"minecraft:mined":{"minecraft:dark_oak_planks":4,"minecraft:large_amethyst_bud":1,"minecraft:white_bed":3,"minecraft:farmland":7,"minecraft:cherry_log":585,"minecraft:cobblestone_stairs":1,"minecraft:jungle_leaves":25,"minecraft:obsidian":21,"minecraft:brewing_stand":1,"minecraft:cave_vines_plant":90,"minecraft:granite":55,"minecraft:cherry_trapdoor":4,"minecraft:budding_amethyst":13,"minecraft:grass_block":3057,"minecraft:soul_soil":21,"minecraft:hopper":21,"minecraft:spawner":1,"minecraft:smooth_stone":51,"minecraft:tall_seagrass":5,"minecraft:magma_block":2,"minecraft:dark_oak_trapdoor":4,"minecraft:iron_ore":156,"minecraft:fire":32,"minecraft:cobbled_deepslate":57,"minecraft:moss_carpet":2,"minecraft:deepslate_lapis_ore":9,"minecraft:fletching_table":13,"minecraft:enchanting_table":2,"minecraft:pointed_dripstone":13,"minecraft:cave_vines":82,"minecraft:flowering_azalea_leaves":16,"minecraft:dirt_path":11,"minecraft:small_amethyst_bud":1,"minecraft:pink_tulip":127,"minecraft:azalea_leaves":12,"minecraft:azalea":1,"minecraft:spruce_slab":1,"minecraft:orange_bed":4,"minecraft:deepslate_redstone_ore":48,"minecraft:brown_mushroom":60,"minecraft:kelp_plant":49,"minecraft:melon_stem":3,"minecraft:medium_amethyst_bud":2,"minecraft:soul_fire":6,"minecraft:amethyst_cluster":1,"minecraft:clay":45,"minecraft:torch":39,"minecraft:blast_furnace":8,"minecraft:melon":6,"minecraft:calcite":9,"minecraft:chest":7,"minecraft:glass":33,"minecraft:nether_quartz_ore":106,"minecraft:cobblestone":44,"minecraft:sugar_cane":36,"minecraft:wall_torch":12,"minecraft:amethyst_block":157,"minecraft:cherry_slab":102,"minecraft:pink_petals":180,"minecraft:chain":2,"minecraft:cherry_fence":21,"minecraft:dark_oak_slab":74,"minecraft:mud":12,"minecraft:birch_log":260,"minecraft:wheat":198,"minecraft:activator_rail":1,"minecraft:cherry_door":3,"minecraft:light_gray_wool":1,"minecraft:smooth_stone_slab":51,"minecraft:acacia_fence":5,"minecraft:sand":290,"minecraft:dirt":3523,"minecraft:netherrack":46,"minecraft:piston":6,"minecraft:deepslate":488,"minecraft:tuff":106,"minecraft:mossy_cobblestone":4,"minecraft:dark_oak_leaves":484,"minecraft:deepslate_diamond_ore":225,"minecraft:dark_oak_log":457,"minecraft:stripped_cherry_log":34,"minecraft:cobbled_deepslate_slab":1,"minecraft:glow_lichen":1,"minecraft:nether_bricks":19,"minecraft:allium":217,"minecraft:kelp":62,"minecraft:birch_slab":208,"minecraft:red_mushroom":5,"minecraft:moss_block":50,"minecraft:cartography_table":3,"minecraft:hay_block":54,"minecraft:spore_blossom":5,"minecraft:redstone_ore":7,"minecraft:furnace":1,"minecraft:dark_oak_fence_gate":2,"minecraft:gold_block":1,"minecraft:bell":1,"minecraft:bookshelf":40,"minecraft:potatoes":26,"minecraft:cobblestone_slab":74,"minecraft:deepslate_iron_ore":229,"minecraft:vine":64,"minecraft:rail":4,"minecraft:lantern":25,"minecraft:bamboo":30,"minecraft:white_tulip":59,"minecraft:stone":1753,"minecraft:white_wool":3,"travelersbackpack:spider":6,"minecraft:podzol":233,"minecraft:scaffolding":149,"minecraft:flowering_azalea":2,"minecraft:cherry_planks":7,"minecraft:soul_sand":130,"minecraft:observer":8,"minecraft:crafting_table":5,"minecraft:short_grass":1093,"minecraft:emerald_ore":4,"minecraft:lectern":2,"minecraft:copper_ore":8,"minecraft:tall_grass":31,"minecraft:lapis_ore":4,"minecraft:deepslate_gold_ore":196,"minecraft:diorite":3,"minecraft:big_dripleaf":4,"minecraft:birch_planks":44,"minecraft:coarse_dirt":8,"minecraft:cobblestone_wall":2,"minecraft:dark_oak_wall_sign":1,"minecraft:birch_leaves":3,"minecraft:coal_ore":328,"minecraft:dark_oak_sign":14,"minecraft:cherry_leaves":373,"minecraft:gravel":363,"minecraft:dripstone_block":4,"minecraft:cobweb":18,"minecraft:potted_white_tulip":2,"minecraft:polished_andesite":12,"minecraft:small_dripleaf":1,"minecraft:gold_ore":12,"minecraft:chipped_anvil":1,"minecraft:fern":357}},"DataVersion":3953}