{"stats":{"minecraft:crafted":{"minecraft:cooked_beef":10,"minecraft:crafting_table":3,"minecraft:spruce_planks":128,"minecraft:iron_helmet":1,"minecraft:wooden_pickaxe":1,"minecraft:iron_sword":1,"minecraft:furnace":7,"minecraft:stone":37,"minecraft:bucket":1,"minecraft:stone_axe":1,"minecraft:cooked_mutton":5,"minecraft:air":0,"minecraft:iron_boots":1,"minecraft:iron_chestplate":1,"minecraft:iron_axe":1,"minecraft:stick":88,"minecraft:iron_ingot":37,"minecraft:iron_pickaxe":1,"minecraft:stone_pickaxe":2,"minecraft:wooden_axe":1,"minecraft:stone_sword":1,"minecraft:iron_leggings":1,"minecraft:white_bed":1,"minecraft:spruce_boat":1,"minecraft:torch":336},"minecraft:picked_up":{"minecraft:wooden_axe":1,"minecraft:crafting_table":6,"minecraft:chest_minecart":1,"minecraft:water_bucket":1,"minecraft:salmon":7,"minecraft:brown_mushroom":5,"minecraft:wooden_pickaxe":2,"minecraft:gunpowder":7,"minecraft:string":99,"minecraft:moss_carpet":3,"minecraft:bone":3,"minecraft:activator_rail":3,"minecraft:bow":1,"minecraft:wheat_seeds":6,"minecraft:raw_gold":1,"minecraft:beef":10,"minecraft:light_gray_wool":1,"minecraft:moss_block":6,"minecraft:oak_planks":1,"minecraft:furnace":1,"minecraft:raw_iron":125,"minecraft:stick":15,"minecraft:sandstone":4,"minecraft:oak_fence":4,"minecraft:torch":15,"minecraft:gravel":10,"minecraft:sand":21,"minecraft:spruce_sapling":37,"minecraft:spruce_log":196,"minecraft:redstone":19,"minecraft:spider_eye":6,"minecraft:arrow":11,"minecraft:rotten_flesh":16,"minecraft:slime_ball":19,"minecraft:tropical_fish":12,"minecraft:beetroot_seeds":3,"minecraft:bone_meal":3,"minecraft:glow_berries":73,"minecraft:mutton":6,"minecraft:coal":169,"minecraft:white_wool":3,"minecraft:cobblestone":188},"minecraft:killed_by":{"minecraft:skeleton":9,"minecraft:creeper":2,"minecraft:spider":1,"minecraft:zombie":5},"minecraft:custom":{"minecraft:interact_with_furnace":16,"minecraft:mob_kills":86,"minecraft:interact_with_crafting_table":17,"minecraft:open_barrel":2,"minecraft:leave_game":1,"minecraft:time_since_death":40834,"minecraft:sleep_in_bed":1,"minecraft:climb_one_cm":1302,"minecraft:time_since_rest":28737,"minecraft:sprint_one_cm":363866,"minecraft:damage_taken":6149,"minecraft:walk_one_cm":211569,"minecraft:drop":6,"minecraft:damage_dealt":8923,"minecraft:swim_one_cm":17733,"minecraft:fly_one_cm":312195,"minecraft:crouch_one_cm":21496,"minecraft:play_time":178989,"minecraft:deaths":17,"minecraft:sneak_time":9558,"minecraft:walk_under_water_one_cm":17832,"minecraft:boat_one_cm":43058,"minecraft:jump":1783,"minecraft:walk_on_water_one_cm":13024,"minecraft:total_world_time":178989,"minecraft:fall_one_cm":58627},"minecraft:killed":{"minecraft:cave_spider":6,"minecraft:salmon":7,"minecraft:spider":6,"minecraft:slime":30,"minecraft:creeper":4,"minecraft:sheep":4,"minecraft:skeleton":7,"minecraft:zombie":15,"minecraft:tropical_fish":3,"minecraft:cow":4},"minecraft:broken":{"minecraft:stone_pickaxe":2,"minecraft:stone_axe":1,"minecraft:wooden_axe":1},"minecraft:used":{"minecraft:moss_block":5,"minecraft:cooked_mutton":5,"minecraft:water_bucket":2,"minecraft:stone_sword":152,"minecraft:tropical_fish":1,"minecraft:stone_pickaxe":272,"minecraft:wooden_pickaxe":5,"minecraft:sandstone":3,"minecraft:stone":6,"minecraft:iron_sword":158,"travelersbackpack:bat":1,"minecraft:torch":339,"minecraft:glow_berries":4,"minecraft:sand":20,"minecraft:mutton":1,"minecraft:crafting_table":8,"minecraft:white_bed":1,"minecraft:spruce_log":4,"minecraft:spruce_boat":1,"minecraft:wooden_axe":53,"minecraft:iron_axe":12,"minecraft:bread":2,"minecraft:iron_pickaxe":313,"minecraft:gravel":10,"minecraft:stone_axe":123,"minecraft:cobblestone":44,"minecraft:furnace":8,"minecraft:bucket":3,"minecraft:cooked_beef":10},"minecraft:mined":{"minecraft:brown_mushroom":5,"minecraft:torch":3,"minecraft:clay":1,"minecraft:oak_fence":6,"minecraft:crafting_table":5,"minecraft:cave_vines_plant":72,"minecraft:cobbled_deepslate_slab":2,"minecraft:short_grass":8,"minecraft:tall_grass":8,"minecraft:cobblestone":5,"minecraft:spruce_leaves":1,"minecraft:oak_planks":3,"minecraft:moss_block":11,"minecraft:wall_torch":1,"minecraft:spawner":2,"minecraft:large_fern":3,"minecraft:redstone_ore":4,"minecraft:furnace":1,"minecraft:iron_ore":115,"minecraft:spruce_log":141,"minecraft:deepslate_iron_ore":10,"minecraft:coal_ore":169,"minecraft:cave_vines":58,"minecraft:gravel":1,"minecraft:cobweb":87,"minecraft:stone":180,"minecraft:gold_ore":1},"minecraft:dropped":{"minecraft:moss_carpet":3,"minecraft:oak_fence":4,"minecraft:coal":1,"minecraft:torch":9}},"DataVersion":3953}