{"stats":{"minecraft:mined":{"minecraft:large_amethyst_bud":1,"minecraft:white_bed":3,"minecraft:cherry_log":561,"minecraft:cobblestone_stairs":1,"minecraft:jungle_leaves":25,"minecraft:brewing_stand":1,"minecraft:obsidian":21,"minecraft:cave_vines_plant":90,"minecraft:cherry_trapdoor":4,"minecraft:granite":55,"minecraft:budding_amethyst":13,"minecraft:grass_block":3042,"minecraft:soul_soil":21,"minecraft:hopper":21,"minecraft:spawner":1,"minecraft:smooth_stone":44,"minecraft:tall_seagrass":5,"minecraft:magma_block":2,"minecraft:dark_oak_trapdoor":4,"minecraft:iron_ore":156,"minecraft:cobbled_deepslate":35,"minecraft:fire":32,"minecraft:moss_carpet":2,"minecraft:deepslate_lapis_ore":9,"minecraft:enchanting_table":2,"minecraft:pointed_dripstone":13,"minecraft:cave_vines":82,"minecraft:flowering_azalea_leaves":16,"minecraft:dirt_path":11,"minecraft:small_amethyst_bud":1,"minecraft:pink_tulip":126,"minecraft:azalea_leaves":12,"minecraft:azalea":1,"minecraft:spruce_slab":1,"minecraft:orange_bed":4,"minecraft:deepslate_redstone_ore":48,"minecraft:brown_mushroom":60,"minecraft:kelp_plant":49,"minecraft:melon_stem":3,"minecraft:medium_amethyst_bud":2,"minecraft:soul_fire":6,"minecraft:amethyst_cluster":1,"minecraft:clay":45,"minecraft:torch":36,"minecraft:blast_furnace":8,"minecraft:melon":6,"minecraft:calcite":9,"minecraft:chest":7,"minecraft:glass":27,"minecraft:nether_quartz_ore":106,"minecraft:cobblestone":44,"minecraft:sugar_cane":32,"minecraft:wall_torch":12,"minecraft:amethyst_block":157,"minecraft:cherry_slab":102,"minecraft:pink_petals":177,"minecraft:chain":2,"minecraft:cherry_fence":16,"minecraft:dark_oak_slab":15,"minecraft:mud":12,"minecraft:birch_log":216,"minecraft:wheat":33,"minecraft:activator_rail":1,"minecraft:light_gray_wool":1,"minecraft:smooth_stone_slab":13,"minecraft:acacia_fence":5,"minecraft:sand":290,"minecraft:dirt":3512,"minecraft:netherrack":46,"minecraft:piston":6,"minecraft:deepslate":488,"minecraft:tuff":106,"minecraft:mossy_cobblestone":4,"minecraft:dark_oak_leaves":481,"minecraft:deepslate_diamond_ore":225,"minecraft:dark_oak_log":335,"minecraft:stripped_cherry_log":34,"minecraft:glow_lichen":1,"minecraft:nether_bricks":19,"minecraft:cobbled_deepslate_slab":1,"minecraft:allium":216,"minecraft:kelp":62,"minecraft:birch_slab":203,"minecraft:red_mushroom":5,"minecraft:moss_block":50,"minecraft:cartography_table":1,"minecraft:hay_block":47,"minecraft:spore_blossom":5,"minecraft:redstone_ore":7,"minecraft:furnace":1,"minecraft:dark_oak_fence_gate":1,"minecraft:gold_block":1,"minecraft:bell":1,"minecraft:bookshelf":14,"minecraft:cobblestone_slab":74,"minecraft:deepslate_iron_ore":229,"minecraft:vine":64,"minecraft:rail":4,"minecraft:lantern":25,"minecraft:bamboo":30,"minecraft:white_tulip":59,"minecraft:stone":1753,"travelersbackpack:spider":6,"minecraft:podzol":233,"minecraft:scaffolding":123,"minecraft:flowering_azalea":2,"minecraft:cherry_planks":7,"minecraft:soul_sand":130,"minecraft:observer":8,"minecraft:crafting_table":5,"minecraft:short_grass":1070,"minecraft:emerald_ore":4,"minecraft:copper_ore":8,"minecraft:tall_grass":28,"minecraft:lapis_ore":4,"minecraft:deepslate_gold_ore":196,"minecraft:diorite":3,"minecraft:big_dripleaf":4,"minecraft:birch_planks":44,"minecraft:coarse_dirt":8,"minecraft:cobblestone_wall":2,"minecraft:dark_oak_wall_sign":1,"minecraft:birch_leaves":3,"minecraft:coal_ore":328,"minecraft:cherry_leaves":373,"minecraft:gravel":363,"minecraft:dripstone_block":4,"minecraft:cobweb":11,"minecraft:potted_white_tulip":2,"minecraft:polished_andesite":12,"minecraft:small_dripleaf":1,"minecraft:gold_ore":12,"minecraft:chipped_anvil":1,"minecraft:fern":354},"minecraft:killed_by":{"minecraft:zombie_villager":3,"minecraft:creeper":5,"minecraft:blaze":1,"minecraft:zombie":9,"minecraft:spider":1,"minecraft:enderman":11,"minecraft:skeleton":9},"minecraft:dropped":{"minecraft:moss_block":19,"minecraft:short_grass":79,"minecraft:dark_oak_sapling":51,"minecraft:cooked_porkchop":64,"minecraft:glow_berries":4,"minecraft:dark_oak_button":5,"minecraft:dirt":22,"minecraft:dark_oak_log":1,"minecraft:cherry_leaves":163,"minecraft:jungle_sapling":1,"minecraft:wooden_sword":1,"minecraft:iron_pickaxe":3,"minecraft:dark_oak_planks":70,"minecraft:gold_ingot":2,"minecraft:gravel":11,"minecraft:wheat":2,"minecraft:birch_sapling":4,"minecraft:obsidian":1,"minecraft:cherry_sapling":3,"minecraft:rotten_flesh":2,"minecraft:oak_planks":2,"minecraft:fern":8,"minecraft:azalea":5,"minecraft:arrow":4,"minecraft:scaffolding":2,"minecraft:netherrack":3,"minecraft:bread":133,"minecraft:water_bucket":1,"minecraft:vine":4,"minecraft:wheat_seeds":43,"minecraft:cobblestone":195,"minecraft:granite":4,"minecraft:grass_block":1,"minecraft:polished_andesite":2,"minecraft:dark_oak_leaves":205,"minecraft:torch":29,"travelersbackpack:spider":2,"minecraft:jungle_leaves":16,"minecraft:polished_andesite_stairs":2,"minecraft:flowering_azalea":3,"minecraft:smooth_stone":2,"minecraft:string":11,"minecraft:pink_petals":6,"minecraft:pink_tulip":7,"minecraft:moss_carpet":7,"minecraft:light_gray_wool":1,"minecraft:filled_map":1,"minecraft:allium":2,"minecraft:spruce_planks":2,"minecraft:diamond_pickaxe":1,"minecraft:andesite":4,"minecraft:stripped_cherry_log":1,"minecraft:bow":1,"minecraft:calcite":9,"minecraft:magma_block":2,"minecraft:brick":2},"minecraft:custom":{"minecraft:interact_with_crafting_table":167,"minecraft:open_barrel":2,"minecraft:leave_game":44,"minecraft:time_since_death":49976,"minecraft:sprint_one_cm":3144551,"minecraft:damage_blocked_by_shield":7365,"minecraft:drop":234,"minecraft:talked_to_villager":37,"minecraft:play_time":1899236,"minecraft:deaths":58,"minecraft:jump":23752,"minecraft:interact_with_brewingstand":8,"minecraft:walk_on_water_one_cm":265743,"minecraft:enchant_item":13,"minecraft:interact_with_furnace":275,"minecraft:traded_with_villager":12,"minecraft:interact_with_cartography_table":1,"minecraft:sleep_in_bed":73,"minecraft:damage_dealt":69216,"minecraft:crouch_one_cm":303520,"minecraft:interact_with_smoker":28,"minecraft:use_cauldron":9,"minecraft:interact_with_anvil":6,"minecraft:mob_kills":392,"minecraft:climb_one_cm":116563,"minecraft:walk_one_cm":3558433,"minecraft:sneak_time":94259,"minecraft:walk_under_water_one_cm":221508,"minecraft:boat_one_cm":1249840,"minecraft:interact_with_blast_furnace":121,"minecraft:total_world_time":1899236,"minecraft:pot_flower":11,"minecraft:time_since_rest":9840,"minecraft:damage_taken":30432,"minecraft:swim_one_cm":326928,"minecraft:fly_one_cm":4551118,"minecraft:open_chest":1023,"minecraft:fall_one_cm":730136},"minecraft:broken":{"minecraft:iron_shovel":4,"minecraft:golden_boots":2,"minecraft:diamond_helmet":1,"minecraft:shears":3,"minecraft:iron_sword":1,"minecraft:shield":2,"minecraft:iron_axe":5,"minecraft:iron_pickaxe":1,"minecraft:iron_helmet":1},"minecraft:killed":{"minecraft:spider":29,"minecraft:skeleton":66,"minecraft:tropical_fish":11,"minecraft:pig":1,"minecraft:zombie_villager":1,"minecraft:creeper":34,"minecraft:sheep":42,"minecraft:trader_llama":6,"minecraft:pillager":8,"minecraft:zombie":92,"minecraft:donkey":4,"minecraft:glow_squid":1,"minecraft:blaze":12,"minecraft:cow":30,"minecraft:horse":2,"minecraft:drowned":5,"minecraft:wandering_trader":3,"minecraft:wither_skeleton":1,"minecraft:enderman":28},"minecraft:used":{"minecraft:moss_block":23,"minecraft:moss_carpet":3,"minecraft:iron_shovel":987,"minecraft:stone":32,"minecraft:shield":150,"minecraft:chest":32,"minecraft:iron_sword":281,"minecraft:soul_sand":9,"minecraft:nether_bricks":19,"minecraft:allium":14,"minecraft:tuff":95,"minecraft:obsidian":18,"minecraft:big_dripleaf":4,"minecraft:glass":246,"minecraft:lava_bucket":20,"minecraft:bricks":1,"minecraft:grass_block":12,"minecraft:lantern":82,"minecraft:birch_sapling":3,"minecraft:polished_andesite_stairs":1,"minecraft:dark_oak_leaves":77,"minecraft:dark_oak_slab":58,"minecraft:cherry_leaves":41,"minecraft:item_frame":14,"minecraft:golden_sword":2,"minecraft:bow":41,"minecraft:dark_oak_boat":27,"minecraft:scaffolding":413,"minecraft:furnace":13,"minecraft:egg":29,"minecraft:golden_boots":2,"travelersbackpack:spider":15,"minecraft:diorite":3,"minecraft:diamond_boots":1,"minecraft:dark_oak_sign":13,"minecraft:birch_leaves":1,"minecraft:sugar_cane":24,"minecraft:diamond_axe":1773,"minecraft:dark_oak_trapdoor":16,"minecraft:glow_berries":71,"minecraft:blast_furnace":9,"minecraft:crossbow":2,"minecraft:dripstone_block":4,"minecraft:shears":718,"minecraft:dark_oak_log":18,"minecraft:birch_slab":597,"minecraft:deepslate":9,"minecraft:gravel":127,"minecraft:flowering_azalea_leaves":4,"minecraft:diamond_sword":793,"minecraft:birch_log":52,"minecraft:chain":41,"minecraft:air":6,"minecraft:smooth_stone_slab":21,"minecraft:coarse_dirt":4,"minecraft:stripped_cherry_log":33,"minecraft:bone_meal":16,"minecraft:azalea":1,"minecraft:netherite_sword":5,"minecraft:enchanting_table":3,"minecraft:white_tulip":8,"minecraft:flint_and_steel":134,"minecraft:redstone":12,"minecraft:netherrack":28,"minecraft:orange_bed":2,"minecraft:torch":191,"minecraft:brewing_stand":1,"minecraft:anvil":1,"minecraft:dirt":6369,"minecraft:hopper":39,"minecraft:cobblestone_wall":12,"minecraft:granite":11,"minecraft:dark_oak_planks":28,"minecraft:chipped_anvil":1,"minecraft:bookshelf":28,"minecraft:iron_axe":850,"minecraft:cherry_slab":211,"minecraft:cherry_trapdoor":16,"minecraft:light_gray_wool":1,"minecraft:soul_soil":1,"minecraft:cherry_fence":37,"minecraft:cooked_beef":56,"minecraft:pointed_dripstone":9,"minecraft:cobbled_deepslate":589,"minecraft:cherry_log":292,"minecraft:observer":14,"minecraft:cooked_mutton":30,"minecraft:water_bucket":203,"minecraft:pink_tulip":6,"minecraft:amethyst_block":125,"minecraft:lead":1,"minecraft:birch_planks":149,"minecraft:glass_bottle":9,"minecraft:polished_andesite":15,"minecraft:birch_boat":1,"minecraft:cherry_planks":91,"minecraft:cauldron":9,"minecraft:magenta_stained_glass":12,"minecraft:cobblestone_slab":35,"minecraft:mossy_cobblestone":4,"minecraft:rail":1,"minecraft:crafting_table":10,"minecraft:white_bed":19,"minecraft:dark_oak_fence_gate":16,"minecraft:smoker":3,"minecraft:mud":12,"minecraft:piston":12,"minecraft:flower_pot":10,"minecraft:activator_rail":1,"minecraft:diamond_pickaxe":4282,"minecraft:diamond_shovel":6661,"minecraft:iron_pickaxe":276,"minecraft:pink_petals":312,"minecraft:cobblestone":448,"minecraft:potion":6,"travelersbackpack:standard":2,"minecraft:cooked_porkchop":129,"minecraft:bucket":232,"minecraft:kelp":144,"minecraft:splash_potion":1,"minecraft:smooth_stone":708},"minecraft:crafted":{"minecraft:brick":40,"minecraft:smooth_stone":852,"minecraft:dark_oak_boat":4,"minecraft:cherry_slab":288,"minecraft:blaze_powder":4,"minecraft:birch_boat":1,"minecraft:chain":56,"minecraft:birch_slab":390,"minecraft:stone":1096,"minecraft:diamond_shovel":3,"minecraft:bookshelf":28,"minecraft:cooked_mutton":64,"minecraft:glass":286,"minecraft:hopper":18,"minecraft:diamond_helmet":1,"minecraft:diamond_leggings":1,"minecraft:iron_boots":1,"minecraft:chest":43,"minecraft:bricks":3,"minecraft:magenta_dye":20,"minecraft:cherry_fence":15,"minecraft:flower_pot":8,"minecraft:golden_boots":3,"minecraft:smoker":3,"minecraft:glass_bottle":3,"minecraft:item_frame":16,"minecraft:deepslate":9,"minecraft:cauldron":9,"minecraft:cooked_porkchop":6,"minecraft:diamond_axe":2,"minecraft:crafting_table":5,"minecraft:iron_helmet":1,"minecraft:fletching_table":8,"minecraft:birch_planks":384,"minecraft:cartography_table":2,"minecraft:dark_oak_slab":96,"minecraft:iron_chestplate":1,"minecraft:book":44,"minecraft:paper":117,"minecraft:diamond_pickaxe":2,"minecraft:shield":1,"minecraft:stick":156,"minecraft:iron_ingot":379,"minecraft:iron_pickaxe":1,"minecraft:iron_block":3,"minecraft:gold_ingot":246,"minecraft:dark_oak_fence_gate":15,"minecraft:shears":3,"minecraft:cherry_planks":336,"minecraft:smooth_stone_slab":12,"minecraft:iron_nugget":822,"minecraft:furnace":12,"minecraft:piston":6,"minecraft:dark_oak_trapdoor":20,"minecraft:dark_oak_sign":12,"minecraft:bone_meal":198,"minecraft:flint_and_steel":1,"minecraft:scaffolding":108,"minecraft:cherry_trapdoor":12,"minecraft:lantern":85,"minecraft:dark_oak_fence":3,"minecraft:iron_axe":2,"minecraft:diamond_boots":1,"minecraft:dark_oak_planks":916,"minecraft:observer":6,"minecraft:wheat":414,"minecraft:cooked_beef":56,"minecraft:sugar":6,"minecraft:diamond_sword":2,"minecraft:enchanting_table":1,"minecraft:magenta_stained_glass":24,"minecraft:iron_sword":1,"minecraft:bucket":5,"minecraft:dark_oak_button":5,"minecraft:air":0,"minecraft:bread":142,"minecraft:golden_apple":4,"minecraft:gold_nugget":2,"minecraft:fermented_spider_eye":5,"minecraft:iron_shovel":3,"minecraft:iron_leggings":11,"minecraft:anvil":1,"minecraft:white_bed":17,"minecraft:torch":168,"minecraft:diamond_chestplate":1},"minecraft:picked_up":{"minecraft:iron_chestplate":1,"minecraft:wheat":2,"minecraft:flower_pot":2,"minecraft:lead":37,"minecraft:soul_soil":20,"travelersbackpack:spider":8,"minecraft:brewing_stand":1,"minecraft:amethyst_block":156,"minecraft:string":71,"minecraft:dark_oak_trapdoor":4,"minecraft:raw_copper":203,"minecraft:smooth_stone_slab":15,"minecraft:cherry_pressure_plate":7,"minecraft:activator_rail":5,"minecraft:cobbled_deepslate":576,"minecraft:gold_nugget":19,"minecraft:smooth_stone":45,"minecraft:bucket":1,"minecraft:dark_oak_leaves":483,"minecraft:spruce_planks":2,"minecraft:white_tulip":59,"minecraft:cobblestone_slab":244,"minecraft:calcite":9,"minecraft:azalea":9,"minecraft:iron_pickaxe":7,"minecraft:azalea_leaves":12,"minecraft:melon_slice":34,"minecraft:iron_boots":1,"minecraft:furnace":1,"minecraft:stick":190,"minecraft:acacia_fence":5,"minecraft:big_dripleaf":4,"minecraft:oak_fence":6,"minecraft:torch":171,"minecraft:porkchop":7,"minecraft:cherry_log":587,"minecraft:pointed_dripstone":40,"minecraft:diorite":3,"minecraft:vine":4,"minecraft:golden_chestplate":1,"minecraft:orange_bed":4,"minecraft:rotten_flesh":192,"minecraft:tropical_fish":28,"minecraft:blaze_rod":3,"minecraft:obsidian":34,"minecraft:cobblestone":2385,"minecraft:enchanting_table":2,"minecraft:birch_log":253,"minecraft:pink_petals":378,"minecraft:magma_block":4,"minecraft:birch_slab":229,"minecraft:cherry_planks":13,"minecraft:cherry_leaves":340,"minecraft:water_bucket":2,"minecraft:andesite":4,"minecraft:dark_oak_boat":24,"minecraft:brown_wool":2,"minecraft:golden_leggings":1,"minecraft:potato":3,"minecraft:flint":64,"minecraft:tuff":97,"minecraft:cherry_fence":16,"travelersbackpack:gold_tier_upgrade":1,"minecraft:cherry_door":4,"minecraft:lapis_lazuli":124,"minecraft:dirt":6556,"minecraft:lantern":39,"minecraft:name_tag":1,"minecraft:glass":5,"minecraft:bone":102,"minecraft:chipped_anvil":1,"minecraft:bow":3,"minecraft:wheat_seeds":206,"minecraft:raw_gold":246,"minecraft:bell":1,"minecraft:dark_oak_sign":1,"minecraft:bamboo":383,"minecraft:powered_rail":2,"minecraft:moss_block":46,"minecraft:oak_planks":4,"minecraft:cooked_porkchop":128,"minecraft:sand":286,"minecraft:grass_block":13,"minecraft:dark_oak_log":479,"minecraft:mossy_cobblestone":4,"minecraft:jungle_leaves":32,"minecraft:polished_andesite":15,"minecraft:diamond":262,"minecraft:crossbow":1,"minecraft:granite":55,"minecraft:golden_apple":1,"minecraft:emerald":5,"minecraft:bread":5,"minecraft:cherry_slab":115,"minecraft:netherrack":45,"minecraft:bricks":1,"minecraft:diamond_pickaxe":2,"minecraft:mud":6,"minecraft:coarse_dirt":8,"minecraft:crafting_table":9,"minecraft:allium":184,"minecraft:ominous_bottle":3,"minecraft:clay_ball":196,"minecraft:brown_mushroom":59,"minecraft:gold_block":2,"minecraft:stripped_cherry_log":35,"minecraft:chain":2,"minecraft:shield":3,"minecraft:moss_carpet":15,"minecraft:iron_axe":1,"minecraft:wooden_sword":2,"minecraft:flint_and_steel":1,"minecraft:item_frame":2,"minecraft:iron_shovel":1,"minecraft:cartography_table":1,"minecraft:beef":63,"minecraft:light_gray_wool":6,"minecraft:observer":8,"minecraft:jungle_sapling":1,"minecraft:iron_nugget":7,"minecraft:spruce_slab":1,"minecraft:sugar_cane":52,"minecraft:chest":10,"minecraft:birch_sapling":18,"minecraft:cherry_button":30,"minecraft:cherry_trapdoor":4,"minecraft:piston":6,"minecraft:egg":63,"minecraft:dark_oak_sapling":59,"minecraft:raw_iron":395,"minecraft:cherry_stairs":6,"minecraft:flowering_azalea_leaves":16,"minecraft:fire_charge":2,"minecraft:redstone":249,"minecraft:dark_oak_planks":7,"minecraft:arrow":104,"minecraft:nether_bricks":19,"minecraft:shears":3,"minecraft:hay_block":46,"minecraft:pink_tulip":145,"minecraft:gold_ingot":10,"minecraft:glow_berries":74,"minecraft:mutton":64,"minecraft:rail":11,"minecraft:white_wool":55,"minecraft:birch_leaves":1,"minecraft:glow_ink_sac":14,"minecraft:leather":44,"minecraft:fern":6,"minecraft:red_mushroom":6,"minecraft:birch_planks":48,"minecraft:golden_boots":1,"minecraft:cobblestone_wall":28,"minecraft:gunpowder":33,"minecraft:cobblestone_stairs":9,"minecraft:paper":4,"minecraft:white_banner":3,"minecraft:apple":4,"minecraft:kelp":404,"minecraft:spore_blossom":5,"minecraft:iron_ingot":30,"minecraft:flowering_azalea":7,"minecraft:soul_sand":130,"minecraft:book":42,"minecraft:scaffolding":390,"minecraft:polished_andesite_stairs":2,"minecraft:dark_oak_slab":16,"minecraft:birch_boat":1,"minecraft:quartz":106,"minecraft:dripstone_block":4,"minecraft:gravel":320,"minecraft:amethyst_shard":4,"minecraft:blast_furnace":9,"minecraft:white_bed":3,"minecraft:dark_oak_fence_gate":1,"minecraft:spider_eye":10,"minecraft:leather_helmet":1,"travelersbackpack:standard":2,"minecraft:honey_block":3,"minecraft:short_grass":79,"minecraft:cherry_sapling":93,"minecraft:melon_seeds":8,"minecraft:black_wool":4,"minecraft:coal":515,"minecraft:hopper":21,"minecraft:ender_pearl":15}},"DataVersion":3953}