{"stats":{"minecraft:killed":{"minecraft:cave_spider":6,"minecraft:spider":8,"minecraft:slime":30,"minecraft:skeleton":9,"minecraft:drowned":1,"minecraft:tropical_fish":3,"minecraft:pig":3,"minecraft:salmon":13,"minecraft:creeper":5,"minecraft:sheep":4,"minecraft:zombie":19,"minecraft:cow":12},"minecraft:picked_up":{"minecraft:wooden_axe":1,"minecraft:crafting_table":6,"minecraft:chest_minecart":1,"minecraft:brown_mushroom":5,"minecraft:wooden_pickaxe":2,"minecraft:string":102,"minecraft:moss_carpet":4,"minecraft:activator_rail":3,"minecraft:cobbled_deepslate":13,"minecraft:beef":36,"minecraft:light_gray_wool":1,"minecraft:furnace":1,"minecraft:stick":15,"minecraft:raw_iron":177,"minecraft:sandstone":4,"minecraft:oak_fence":4,"minecraft:torch":16,"minecraft:porkchop":6,"minecraft:redstone":19,"minecraft:arrow":13,"minecraft:rotten_flesh":21,"minecraft:tropical_fish":14,"minecraft:beetroot_seeds":3,"minecraft:mutton":6,"minecraft:glow_berries":97,"minecraft:obsidian":4,"minecraft:white_wool":3,"minecraft:cobblestone":224,"minecraft:water_bucket":1,"minecraft:salmon":13,"minecraft:leather":10,"minecraft:gunpowder":9,"minecraft:lapis_lazuli":44,"minecraft:bone":6,"minecraft:kelp":114,"minecraft:bow":1,"minecraft:wheat_seeds":7,"minecraft:raw_gold":6,"minecraft:moss_block":6,"minecraft:oak_planks":1,"minecraft:sweet_berries":39,"minecraft:gravel":14,"minecraft:sand":21,"minecraft:spruce_sapling":37,"minecraft:spruce_log":196,"minecraft:spider_eye":6,"minecraft:slime_ball":19,"minecraft:diamond":5,"minecraft:bone_meal":4,"minecraft:coal":211},"minecraft:crafted":{"minecraft:furnace":7,"minecraft:stone":60,"minecraft:cooked_mutton":5,"minecraft:iron_boots":1,"minecraft:iron_axe":1,"minecraft:stone_pickaxe":2,"minecraft:chest":13,"minecraft:spruce_boat":1,"minecraft:cooked_beef":10,"minecraft:crafting_table":5,"minecraft:spruce_planks":232,"minecraft:enchanting_table":1,"minecraft:wooden_pickaxe":1,"minecraft:iron_helmet":1,"minecraft:iron_sword":1,"minecraft:cooked_salmon":2,"minecraft:bucket":2,"minecraft:stone_axe":1,"minecraft:air":0,"minecraft:iron_chestplate":1,"minecraft:book":5,"minecraft:diamond_pickaxe":2,"minecraft:shield":1,"minecraft:stick":140,"minecraft:iron_ingot":121,"minecraft:iron_pickaxe":1,"minecraft:wooden_axe":1,"minecraft:iron_block":3,"minecraft:stone_sword":1,"minecraft:iron_leggings":1,"minecraft:anvil":1,"minecraft:white_bed":1,"minecraft:torch":336},"minecraft:custom":{"minecraft:mob_kills":118,"minecraft:interact_with_anvil":2,"minecraft:interact_with_crafting_table":27,"minecraft:open_barrel":2,"minecraft:leave_game":3,"minecraft:time_since_death":4174,"minecraft:climb_one_cm":2091,"minecraft:sprint_one_cm":489111,"minecraft:walk_one_cm":288027,"minecraft:damage_blocked_by_shield":465,"minecraft:drop":7,"minecraft:play_time":220439,"minecraft:deaths":21,"minecraft:sneak_time":11489,"minecraft:walk_under_water_one_cm":24399,"minecraft:boat_one_cm":43058,"minecraft:jump":2508,"minecraft:walk_on_water_one_cm":18457,"minecraft:enchant_item":2,"minecraft:total_world_time":220439,"minecraft:interact_with_furnace":37,"minecraft:sleep_in_bed":2,"minecraft:time_since_rest":4197,"minecraft:damage_taken":7642,"minecraft:damage_dealt":12484,"minecraft:fly_one_cm":433522,"minecraft:swim_one_cm":39550,"minecraft:open_chest":3,"minecraft:crouch_one_cm":26343,"minecraft:fall_one_cm":80027},"minecraft:used":{"minecraft:moss_block":5,"minecraft:enchanting_table":1,"minecraft:stone_sword":152,"minecraft:tropical_fish":1,"minecraft:chest":4,"minecraft:shield":12,"minecraft:stone":6,"minecraft:iron_sword":241,"minecraft:cooked_salmon":2,"travelersbackpack:bat":1,"minecraft:torch":341,"minecraft:anvil":1,"minecraft:mutton":1,"minecraft:spruce_boat":1,"minecraft:wooden_axe":53,"minecraft:iron_axe":12,"minecraft:furnace":8,"minecraft:cooked_beef":10,"minecraft:cooked_mutton":5,"minecraft:water_bucket":3,"minecraft:stone_pickaxe":272,"minecraft:wooden_pickaxe":5,"minecraft:sandstone":3,"minecraft:glow_berries":37,"minecraft:sand":21,"minecraft:crafting_table":10,"minecraft:white_bed":1,"minecraft:spruce_log":4,"minecraft:diamond_pickaxe":136,"minecraft:bread":2,"minecraft:iron_pickaxe":326,"minecraft:gravel":10,"minecraft:stone_axe":123,"minecraft:cobblestone":83,"minecraft:bucket":5,"minecraft:golden_pickaxe":20},"minecraft:mined":{"minecraft:deepslate_diamond_ore":5,"minecraft:obsidian":4,"minecraft:cave_vines_plant":95,"minecraft:cobbled_deepslate_slab":2,"minecraft:spruce_leaves":1,"minecraft:moss_block":11,"minecraft:spawner":2,"minecraft:large_fern":3,"minecraft:redstone_ore":4,"minecraft:furnace":1,"minecraft:iron_ore":159,"minecraft:deepslate_lapis_ore":6,"minecraft:cave_vines":95,"minecraft:deepslate_iron_ore":18,"minecraft:stone":216,"minecraft:brown_mushroom":5,"minecraft:kelp_plant":14,"minecraft:oak_fence":6,"minecraft:clay":1,"minecraft:crafting_table":5,"minecraft:torch":4,"minecraft:short_grass":8,"minecraft:tall_grass":10,"minecraft:cobblestone":5,"minecraft:deepslate_gold_ore":5,"minecraft:oak_planks":3,"minecraft:wall_torch":1,"minecraft:spruce_log":141,"minecraft:coal_ore":211,"minecraft:gravel":1,"minecraft:cobweb":88,"minecraft:gold_ore":1,"minecraft:deepslate":14,"minecraft:fern":1},"minecraft:broken":{"minecraft:stone_pickaxe":2,"minecraft:stone_axe":1,"minecraft:iron_sword":1,"minecraft:iron_pickaxe":1,"minecraft:wooden_axe":1},"minecraft:killed_by":{"minecraft:creeper":3,"minecraft:spider":1,"minecraft:skeleton":9,"minecraft:zombie":6},"minecraft:dropped":{"minecraft:oak_fence":4,"minecraft:coal":1,"minecraft:torch":9,"minecraft:moss_carpet":3,"minecraft:rotten_flesh":4}},"DataVersion":3953}