{"stats":{"minecraft:crafted":{"minecraft:cherry_planks":44,"minecraft:crafting_table":1,"minecraft:enchanting_table":1,"minecraft:iron_helmet":1,"minecraft:iron_sword":1,"minecraft:air":0,"minecraft:iron_boots":1,"minecraft:book":1,"minecraft:shield":1,"minecraft:iron_axe":1,"minecraft:iron_ingot":68,"minecraft:iron_block":3,"minecraft:chest":5,"minecraft:anvil":1,"minecraft:dark_oak_planks":8},"minecraft:custom":{"minecraft:interact_with_anvil":1,"minecraft:mob_kills":49,"minecraft:interact_with_crafting_table":11,"minecraft:leave_game":12,"minecraft:time_since_death":19452,"minecraft:sleep_in_bed":4,"minecraft:climb_one_cm":5921,"minecraft:time_since_rest":19488,"minecraft:sprint_one_cm":277881,"minecraft:damage_taken":4496,"minecraft:walk_one_cm":226707,"minecraft:damage_blocked_by_shield":4290,"minecraft:drop":13,"minecraft:damage_dealt":8417,"minecraft:swim_one_cm":33444,"minecraft:fly_one_cm":414406,"minecraft:open_chest":57,"minecraft:play_time":162457,"minecraft:crouch_one_cm":23376,"minecraft:sneak_time":8639,"minecraft:deaths":11,"minecraft:walk_under_water_one_cm":10278,"minecraft:jump":2019,"minecraft:interact_with_blast_furnace":6,"minecraft:walk_on_water_one_cm":24411,"minecraft:fall_one_cm":64041,"minecraft:total_world_time":162457},"minecraft:broken":{"minecraft:shield":2,"minecraft:iron_sword":1},"minecraft:picked_up":{"minecraft:birch_log":26,"minecraft:pink_petals":5,"minecraft:crafting_table":1,"minecraft:magma_block":2,"minecraft:allium":1,"minecraft:clay_ball":18,"minecraft:glow_ink_sac":2,"minecraft:andesite":2,"minecraft:leather":1,"minecraft:tuff":20,"travelersbackpack:spider":3,"minecraft:shield":1,"minecraft:gunpowder":1,"minecraft:cobblestone_stairs":4,"minecraft:lapis_lazuli":14,"minecraft:cherry_door":2,"minecraft:string":2,"minecraft:dirt":26,"minecraft:lantern":6,"minecraft:moss_carpet":3,"minecraft:raw_copper":43,"minecraft:wooden_sword":1,"minecraft:bone":15,"minecraft:wheat_seeds":5,"minecraft:cobbled_deepslate":53,"minecraft:raw_gold":41,"minecraft:spruce_planks":2,"minecraft:beef":4,"minecraft:cobblestone_slab":54,"minecraft:azalea":3,"minecraft:iron_pickaxe":1,"minecraft:bamboo":69,"minecraft:moss_block":14,"minecraft:cherry_button":15,"minecraft:oak_planks":2,"minecraft:flowering_azalea":2,"minecraft:egg":1,"minecraft:stick":14,"minecraft:raw_iron":76,"minecraft:cherry_stairs":3,"minecraft:oak_fence":2,"minecraft:dripstone_block":1,"minecraft:torch":7,"minecraft:cherry_log":11,"minecraft:diorite":3,"minecraft:grass_block":1,"minecraft:arrow":15,"minecraft:rotten_flesh":25,"minecraft:diamond":31,"minecraft:tropical_fish":6,"minecraft:cherry_sapling":6,"minecraft:pink_tulip":1,"minecraft:netherrack":19,"minecraft:glow_berries":20,"minecraft:obsidian":15,"minecraft:coal":58,"minecraft:rail":3,"minecraft:cobblestone":496,"minecraft:ender_pearl":2},"minecraft:mined":{"minecraft:tuff":21,"minecraft:deepslate_diamond_ore":31,"minecraft:short_grass":7,"minecraft:cave_vines_plant":18,"minecraft:clay":4,"minecraft:obsidian":15,"minecraft:torch":5,"minecraft:allium":1,"minecraft:tall_grass":4,"minecraft:cobblestone":8,"minecraft:deepslate_gold_ore":33,"minecraft:moss_block":14,"minecraft:wall_torch":1,"minecraft:diorite":3,"minecraft:magma_block":2,"minecraft:iron_ore":56,"minecraft:cobbled_deepslate":1,"minecraft:moss_carpet":1,"minecraft:deepslate_lapis_ore":2,"minecraft:coal_ore":14,"minecraft:cave_vines":10,"minecraft:deepslate_iron_ore":18,"minecraft:cobblestone_slab":1,"minecraft:rail":3,"minecraft:cherry_leaves":1,"minecraft:dripstone_block":1,"minecraft:dirt":7,"minecraft:pink_tulip":1,"minecraft:bamboo":7,"minecraft:stone":214,"minecraft:small_dripleaf":1,"minecraft:netherrack":19,"minecraft:gold_ore":8,"minecraft:deepslate":50,"travelersbackpack:spider":3,"minecraft:fern":2},"minecraft:killed_by":{"minecraft:skeleton":6,"minecraft:creeper":1,"minecraft:zombie":1},"minecraft:used":{"minecraft:cooked_mutton":7,"minecraft:moss_block":3,"travelersbackpack:spider":7,"minecraft:netherite_sword":5,"minecraft:diorite":3,"minecraft:enchanting_table":1,"minecraft:chest":2,"minecraft:cobblestone_slab":4,"minecraft:iron_sword":203,"minecraft:shield":96,"minecraft:netherrack":19,"minecraft:torch":36,"minecraft:glow_berries":26,"minecraft:dirt":13,"minecraft:anvil":1,"minecraft:crafting_table":1,"minecraft:dripstone_block":1,"minecraft:tuff":20,"minecraft:diamond_pickaxe":526,"minecraft:lantern":2,"minecraft:iron_axe":7,"minecraft:grass_block":1,"minecraft:cobblestone":166,"minecraft:furnace":3,"minecraft:cooked_porkchop":9,"minecraft:egg":21,"minecraft:cobbled_deepslate":40},"minecraft:killed":{"minecraft:spider":7,"minecraft:creeper":3,"minecraft:skeleton":10,"minecraft:zombie":20,"minecraft:cow":2,"minecraft:enderman":2},"minecraft:dropped":{"minecraft:rotten_flesh":2,"minecraft:cobblestone":171,"minecraft:fern":3,"minecraft:torch":29,"minecraft:spruce_planks":2,"minecraft:andesite":2,"travelersbackpack:spider":1,"minecraft:arrow":4,"minecraft:iron_pickaxe":1,"minecraft:pink_petals":5,"minecraft:pink_tulip":1}},"DataVersion":3953}