{"stats":{"minecraft:used":{"minecraft:moss_block":5,"minecraft:enchanting_table":1,"minecraft:stone_sword":152,"minecraft:tropical_fish":1,"minecraft:chest":6,"minecraft:spruce_planks":1,"minecraft:shield":52,"minecraft:stone":6,"minecraft:iron_sword":323,"minecraft:cooked_salmon":10,"travelersbackpack:bat":4,"minecraft:torch":341,"minecraft:dirt":27,"minecraft:mutton":1,"minecraft:anvil":1,"minecraft:spruce_boat":1,"minecraft:wooden_axe":53,"minecraft:iron_axe":624,"minecraft:goat_horn":14,"minecraft:furnace":8,"minecraft:cooked_beef":22,"minecraft:cobbled_deepslate":8,"minecraft:cooked_mutton":5,"minecraft:water_bucket":19,"minecraft:stone_pickaxe":272,"minecraft:wooden_pickaxe":5,"minecraft:cherry_planks":1,"minecraft:sandstone":3,"minecraft:glow_berries":48,"minecraft:sand":21,"minecraft:crafting_table":12,"minecraft:white_bed":1,"minecraft:spruce_log":27,"waystones:waystone":1,"minecraft:diamond_pickaxe":163,"minecraft:dark_oak_log":1,"minecraft:bread":2,"minecraft:iron_pickaxe":334,"minecraft:gravel":10,"minecraft:stone_axe":123,"minecraft:cobblestone":83,"minecraft:bucket":10,"minecraft:golden_pickaxe":20,"minecraft:experience_bottle":2},"minecraft:picked_up":{"minecraft:wooden_axe":1,"minecraft:crafting_table":8,"minecraft:allium":7,"travelersbackpack:bat":1,"minecraft:anvil":1,"minecraft:chest_minecart":1,"minecraft:brown_mushroom":5,"minecraft:wooden_pickaxe":2,"minecraft:gold_block":2,"minecraft:chain":1,"minecraft:brewing_stand":2,"minecraft:string":205,"minecraft:moss_carpet":4,"minecraft:cooked_salmon":6,"minecraft:activator_rail":3,"minecraft:detector_rail":6,"minecraft:smooth_stone":24,"minecraft:cobbled_deepslate":13,"minecraft:spruce_planks":38,"minecraft:beef":43,"minecraft:jungle_sapling":1,"minecraft:light_gray_wool":2,"minecraft:chest":2,"minecraft:birch_sapling":11,"minecraft:cherry_stairs":2,"minecraft:cherry_trapdoor":2,"minecraft:egg":6,"minecraft:furnace":7,"minecraft:dark_oak_sapling":52,"minecraft:stick":120,"minecraft:raw_iron":177,"minecraft:sandstone":4,"minecraft:stone":30,"minecraft:oak_fence":4,"minecraft:torch":16,"minecraft:porkchop":6,"minecraft:cherry_log":254,"minecraft:redstone":19,"minecraft:goat_horn":1,"minecraft:golden_chestplate":1,"minecraft:honey_bottle":5,"minecraft:cooked_cod":2,"minecraft:arrow":24,"minecraft:rotten_flesh":34,"minecraft:tropical_fish":25,"minecraft:beetroot_seeds":3,"minecraft:shears":1,"minecraft:gold_ingot":10,"minecraft:obsidian":10,"minecraft:glow_berries":118,"minecraft:mutton":9,"minecraft:white_wool":7,"minecraft:cobblestone":224,"minecraft:birch_log":20,"minecraft:enchanting_table":1,"minecraft:leather_chestplate":1,"minecraft:cherry_planks":1,"minecraft:water_bucket":1,"minecraft:salmon":13,"minecraft:leather":10,"minecraft:potato":41,"minecraft:gunpowder":11,"minecraft:dirt":27,"minecraft:lapis_lazuli":44,"minecraft:lantern":1,"minecraft:bone":6,"minecraft:apple":8,"minecraft:kelp":114,"minecraft:bow":2,"minecraft:wheat_seeds":13,"minecraft:raw_gold":7,"minecraft:iron_ingot":56,"minecraft:bamboo":10,"minecraft:powered_rail":3,"minecraft:moss_block":6,"minecraft:honeycomb":8,"minecraft:oak_planks":1,"minecraft:sweet_berries":39,"minecraft:dandelion":1,"minecraft:gravel":14,"minecraft:sand":21,"minecraft:spruce_sapling":37,"minecraft:spruce_log":238,"minecraft:dark_oak_log":123,"minecraft:spider_eye":6,"minecraft:slime_ball":38,"minecraft:diamond":5,"minecraft:honey_block":2,"waystones:waystone":1,"minecraft:cherry_sapling":126,"minecraft:bone_meal":4,"minecraft:bread":32,"minecraft:coal":218,"minecraft:diamond_pickaxe":1},"minecraft:killed_by":{"minecraft:creeper":4,"minecraft:spider":1,"minecraft:skeleton":10,"minecraft:zombie":9},"minecraft:mined":{"minecraft:deepslate_diamond_ore":5,"minecraft:cherry_log":348,"minecraft:dark_oak_log":190,"minecraft:brewing_stand":1,"minecraft:obsidian":10,"minecraft:cave_vines_plant":95,"minecraft:cobbled_deepslate_slab":2,"minecraft:spruce_leaves":1,"minecraft:moss_block":11,"minecraft:spawner":2,"travelersbackpack:bat":1,"minecraft:large_fern":4,"minecraft:tall_seagrass":2,"minecraft:redstone_ore":4,"minecraft:furnace":7,"minecraft:fire":2,"minecraft:iron_ore":159,"minecraft:anvil":1,"minecraft:deepslate_lapis_ore":6,"minecraft:enchanting_table":1,"minecraft:gold_block":2,"minecraft:cave_vines":95,"minecraft:deepslate_iron_ore":18,"minecraft:lantern":1,"minecraft:pink_tulip":1,"minecraft:bamboo":4,"minecraft:stone":227,"minecraft:brown_mushroom":5,"minecraft:kelp_plant":14,"minecraft:oak_fence":6,"minecraft:clay":1,"minecraft:crafting_table":7,"minecraft:torch":4,"minecraft:short_grass":13,"minecraft:tall_grass":12,"minecraft:cobblestone":5,"minecraft:deepslate_gold_ore":5,"minecraft:oak_planks":3,"minecraft:wall_torch":1,"minecraft:seagrass":1,"minecraft:chain":1,"minecraft:birch_log":22,"minecraft:spruce_log":142,"minecraft:coal_ore":211,"minecraft:cherry_leaves":1,"minecraft:gravel":1,"minecraft:dirt":7,"minecraft:cobweb":88,"minecraft:netherrack":2,"minecraft:gold_ore":1,"minecraft:deepslate":14,"minecraft:fern":2},"minecraft:dropped":{"minecraft:iron_sword":1,"minecraft:wheat_seeds":5,"minecraft:cherry_log":178,"minecraft:cooked_beef":9,"minecraft:golden_pickaxe":3,"minecraft:oak_fence":4,"minecraft:glow_berries":40,"minecraft:coal":1,"minecraft:torch":9,"minecraft:iron_axe":1,"minecraft:moss_carpet":3,"minecraft:rotten_flesh":4,"travelersbackpack:fox":1},"minecraft:crafted":{"minecraft:cherry_planks":4,"minecraft:furnace":7,"minecraft:stone":60,"minecraft:cooked_mutton":5,"minecraft:iron_boots":1,"minecraft:iron_axe":5,"minecraft:stone_pickaxe":2,"minecraft:chest":13,"minecraft:spruce_boat":1,"minecraft:cooked_beef":29,"minecraft:crafting_table":7,"minecraft:spruce_planks":280,"minecraft:enchanting_table":1,"minecraft:wooden_pickaxe":1,"minecraft:iron_helmet":1,"minecraft:iron_sword":3,"minecraft:cooked_salmon":7,"minecraft:bucket":2,"minecraft:stone_axe":1,"minecraft:air":0,"minecraft:iron_chestplate":1,"minecraft:book":5,"minecraft:diamond_pickaxe":2,"minecraft:shield":1,"minecraft:stick":144,"minecraft:iron_ingot":121,"minecraft:iron_pickaxe":2,"minecraft:wooden_axe":1,"minecraft:stone_sword":1,"minecraft:iron_block":3,"minecraft:iron_leggings":1,"minecraft:anvil":1,"minecraft:white_bed":1,"minecraft:torch":336,"minecraft:shears":1},"minecraft:broken":{"minecraft:stone_pickaxe":2,"minecraft:iron_axe":2,"minecraft:stone_axe":1,"minecraft:iron_sword":2,"minecraft:iron_pickaxe":1,"minecraft:wooden_axe":1},"minecraft:killed":{"minecraft:cave_spider":6,"minecraft:spider":9,"minecraft:slime":30,"minecraft:skeleton":9,"minecraft:drowned":2,"minecraft:tropical_fish":3,"minecraft:pig":3,"minecraft:zombie_villager":1,"minecraft:salmon":13,"minecraft:creeper":7,"minecraft:sheep":6,"minecraft:pillager":9,"minecraft:zombie":26,"minecraft:cow":12},"minecraft:custom":{"minecraft:mob_kills":146,"minecraft:interact_with_anvil":2,"minecraft:interact_with_crafting_table":36,"minecraft:open_barrel":8,"minecraft:leave_game":4,"minecraft:time_since_death":11227,"minecraft:climb_one_cm":5815,"minecraft:sprint_one_cm":741306,"minecraft:walk_one_cm":408609,"minecraft:damage_blocked_by_shield":2115,"minecraft:drop":17,"minecraft:play_time":331653,"minecraft:deaths":26,"minecraft:sneak_time":14209,"minecraft:walk_under_water_one_cm":25053,"minecraft:boat_one_cm":43058,"minecraft:jump":4412,"minecraft:walk_on_water_one_cm":25203,"minecraft:enchant_item":2,"minecraft:total_world_time":331653,"minecraft:interact_with_furnace":41,"minecraft:sleep_in_bed":7,"minecraft:time_since_rest":11270,"minecraft:waystone_activated":3,"minecraft:damage_taken":10328,"minecraft:damage_dealt":17782,"minecraft:fly_one_cm":1125148,"minecraft:swim_one_cm":50004,"minecraft:open_chest":28,"minecraft:crouch_one_cm":30627,"minecraft:fall_one_cm":155287}},"DataVersion":3953}