{"stats":{"minecraft:picked_up":{"minecraft:iron_chestplate":1,"minecraft:crafting_table":4,"minecraft:allium":176,"minecraft:ominous_bottle":1,"minecraft:clay_ball":84,"minecraft:lead":23,"minecraft:gold_block":1,"minecraft:stripped_cherry_log":20,"travelersbackpack:spider":6,"minecraft:shield":3,"minecraft:string":38,"minecraft:moss_carpet":7,"minecraft:raw_copper":171,"minecraft:iron_axe":1,"minecraft:wooden_sword":2,"minecraft:flint_and_steel":1,"minecraft:cherry_pressure_plate":7,"minecraft:item_frame":1,"minecraft:iron_shovel":1,"minecraft:activator_rail":4,"minecraft:smooth_stone":2,"minecraft:gold_nugget":18,"minecraft:cobbled_deepslate":322,"minecraft:bucket":1,"minecraft:dark_oak_leaves":483,"minecraft:spruce_planks":2,"minecraft:beef":30,"minecraft:white_tulip":57,"minecraft:cobblestone_slab":244,"minecraft:azalea":6,"minecraft:iron_nugget":7,"minecraft:iron_pickaxe":7,"minecraft:light_gray_wool":1,"minecraft:sugar_cane":6,"minecraft:chest":10,"minecraft:birch_sapling":2,"minecraft:cherry_button":30,"minecraft:egg":11,"minecraft:iron_boots":1,"minecraft:furnace":1,"minecraft:dark_oak_sapling":21,"minecraft:raw_iron":133,"minecraft:stick":122,"minecraft:cherry_stairs":6,"minecraft:big_dripleaf":4,"minecraft:oak_fence":6,"minecraft:torch":120,"minecraft:fire_charge":2,"minecraft:porkchop":7,"minecraft:cherry_log":439,"minecraft:diorite":3,"minecraft:vine":3,"minecraft:redstone":159,"minecraft:golden_chestplate":1,"minecraft:dark_oak_planks":6,"minecraft:arrow":57,"minecraft:rotten_flesh":130,"minecraft:tropical_fish":14,"minecraft:shears":3,"minecraft:pink_tulip":132,"minecraft:gold_ingot":9,"minecraft:mutton":3,"minecraft:glow_berries":65,"minecraft:obsidian":34,"minecraft:rail":10,"minecraft:white_wool":11,"minecraft:cobblestone":948,"minecraft:birch_log":78,"minecraft:enchanting_table":1,"minecraft:pink_petals":317,"minecraft:birch_leaves":1,"minecraft:magma_block":4,"minecraft:cherry_planks":7,"minecraft:cherry_leaves":299,"minecraft:glow_ink_sac":5,"minecraft:water_bucket":2,"minecraft:andesite":4,"minecraft:leather":25,"minecraft:golden_leggings":1,"minecraft:fern":5,"minecraft:dark_oak_boat":1,"minecraft:potato":1,"minecraft:birch_planks":4,"minecraft:flint":10,"minecraft:tuff":86,"minecraft:cherry_fence":2,"minecraft:golden_boots":1,"minecraft:cobblestone_wall":27,"minecraft:gunpowder":15,"minecraft:cobblestone_stairs":8,"travelersbackpack:gold_tier_upgrade":1,"minecraft:cherry_door":4,"minecraft:lapis_lazuli":82,"minecraft:dirt":810,"minecraft:paper":4,"minecraft:lantern":10,"minecraft:white_banner":1,"minecraft:name_tag":1,"minecraft:glass":5,"minecraft:bone":51,"minecraft:chipped_anvil":1,"minecraft:apple":3,"minecraft:bow":1,"minecraft:wheat_seeds":165,"minecraft:raw_gold":124,"minecraft:spore_blossom":3,"minecraft:iron_ingot":29,"minecraft:bamboo":310,"minecraft:powered_rail":2,"minecraft:moss_block":32,"minecraft:oak_planks":4,"minecraft:flowering_azalea":5,"minecraft:polished_andesite_stairs":2,"minecraft:cooked_porkchop":128,"minecraft:gravel":11,"minecraft:dripstone_block":1,"minecraft:blast_furnace":5,"minecraft:grass_block":4,"minecraft:dark_oak_log":351,"minecraft:spider_eye":4,"minecraft:jungle_leaves":32,"travelersbackpack:standard":1,"minecraft:polished_andesite":12,"minecraft:diamond":136,"minecraft:honey_block":3,"minecraft:short_grass":76,"minecraft:granite":8,"minecraft:cherry_sapling":93,"minecraft:golden_apple":1,"minecraft:emerald":2,"minecraft:cherry_slab":2,"minecraft:netherrack":19,"minecraft:melon_seeds":6,"minecraft:coal":260,"minecraft:diamond_pickaxe":2,"minecraft:ender_pearl":8},"minecraft:killed_by":{"minecraft:creeper":3,"minecraft:enderman":1,"minecraft:skeleton":7,"minecraft:zombie":4},"minecraft:broken":{"minecraft:iron_shovel":3,"minecraft:shears":2,"minecraft:shield":2,"minecraft:iron_axe":4,"minecraft:iron_sword":1},"minecraft:dropped":{"minecraft:vine":3,"minecraft:moss_block":5,"minecraft:short_grass":76,"minecraft:wheat_seeds":7,"minecraft:dark_oak_sapling":11,"minecraft:cooked_porkchop":64,"minecraft:glow_berries":4,"minecraft:cobblestone":195,"minecraft:granite":4,"minecraft:grass_block":1,"minecraft:polished_andesite":2,"minecraft:dirt":20,"minecraft:dark_oak_leaves":205,"minecraft:torch":29,"minecraft:cherry_leaves":163,"travelersbackpack:spider":2,"minecraft:wooden_sword":1,"minecraft:jungle_leaves":16,"minecraft:polished_andesite_stairs":2,"minecraft:flowering_azalea":3,"minecraft:iron_pickaxe":3,"minecraft:smooth_stone":2,"minecraft:string":1,"minecraft:dark_oak_planks":70,"minecraft:pink_petals":5,"minecraft:pink_tulip":7,"minecraft:moss_carpet":3,"minecraft:birch_sapling":2,"minecraft:cherry_sapling":3,"minecraft:rotten_flesh":2,"minecraft:light_gray_wool":1,"minecraft:oak_planks":2,"minecraft:fern":7,"minecraft:allium":2,"minecraft:spruce_planks":2,"minecraft:diamond_pickaxe":1,"minecraft:andesite":4,"minecraft:azalea":3,"minecraft:arrow":4},"minecraft:custom":{"minecraft:interact_with_anvil":1,"minecraft:mob_kills":130,"minecraft:interact_with_crafting_table":33,"minecraft:leave_game":25,"minecraft:time_since_death":37930,"minecraft:climb_one_cm":23016,"minecraft:walk_one_cm":972810,"minecraft:sprint_one_cm":977766,"minecraft:damage_blocked_by_shield":6690,"minecraft:drop":63,"minecraft:talked_to_villager":2,"minecraft:play_time":530568,"minecraft:sneak_time":29831,"minecraft:deaths":19,"minecraft:walk_under_water_one_cm":25325,"minecraft:boat_one_cm":155888,"minecraft:jump":6513,"minecraft:interact_with_blast_furnace":20,"minecraft:walk_on_water_one_cm":52234,"minecraft:total_world_time":530568,"minecraft:interact_with_furnace":3,"minecraft:sleep_in_bed":17,"minecraft:time_since_rest":41342,"minecraft:damage_taken":10323,"minecraft:damage_dealt":22631,"minecraft:swim_one_cm":46989,"minecraft:fly_one_cm":1322044,"minecraft:open_chest":268,"minecraft:crouch_one_cm":89000,"minecraft:interact_with_smoker":4,"minecraft:fall_one_cm":186412},"minecraft:crafted":{"minecraft:cherry_planks":68,"minecraft:dark_oak_boat":2,"minecraft:cherry_slab":60,"minecraft:furnace":3,"minecraft:iron_boots":1,"minecraft:iron_axe":2,"minecraft:chest":21,"minecraft:dark_oak_planks":268,"minecraft:smoker":3,"minecraft:cooked_beef":16,"minecraft:item_frame":8,"minecraft:diamond_sword":1,"minecraft:cooked_porkchop":1,"minecraft:crafting_table":2,"minecraft:enchanting_table":1,"minecraft:iron_helmet":1,"minecraft:iron_sword":1,"minecraft:air":0,"minecraft:book":1,"minecraft:gold_nugget":2,"minecraft:shield":1,"minecraft:stick":100,"minecraft:iron_ingot":76,"minecraft:iron_block":3,"minecraft:iron_shovel":2,"minecraft:gold_ingot":66,"minecraft:anvil":1,"minecraft:torch":164,"minecraft:shears":3},"minecraft:killed":{"minecraft:spider":14,"minecraft:skeleton":27,"minecraft:pig":1,"minecraft:wandering_trader":2,"minecraft:creeper":11,"minecraft:sheep":3,"minecraft:trader_llama":4,"minecraft:zombie":36,"minecraft:donkey":4,"minecraft:glow_squid":1,"minecraft:enderman":7,"minecraft:cow":12},"minecraft:used":{"minecraft:moss_block":14,"minecraft:netherite_sword":5,"minecraft:moss_carpet":1,"minecraft:white_tulip":8,"minecraft:enchanting_table":1,"minecraft:iron_shovel":737,"minecraft:flint_and_steel":121,"minecraft:chest":20,"minecraft:shield":134,"minecraft:iron_sword":281,"minecraft:netherrack":19,"minecraft:torch":123,"minecraft:dirt":758,"minecraft:anvil":1,"minecraft:cobblestone_wall":1,"minecraft:allium":13,"minecraft:tuff":86,"minecraft:big_dripleaf":4,"minecraft:lava_bucket":3,"minecraft:lantern":2,"minecraft:iron_axe":793,"minecraft:grass_block":3,"minecraft:polished_andesite_stairs":1,"minecraft:dark_oak_leaves":77,"minecraft:item_frame":6,"minecraft:bow":35,"minecraft:dark_oak_boat":3,"minecraft:furnace":4,"minecraft:egg":27,"minecraft:cooked_mutton":7,"minecraft:cherry_fence":12,"minecraft:cobbled_deepslate":138,"minecraft:cherry_log":205,"travelersbackpack:spider":10,"minecraft:pink_tulip":6,"minecraft:water_bucket":10,"minecraft:diorite":3,"minecraft:lead":1,"minecraft:birch_leaves":1,"minecraft:polished_andesite":12,"minecraft:cherry_planks":1,"minecraft:cobblestone_slab":35,"minecraft:glow_berries":32,"minecraft:crafting_table":4,"minecraft:blast_furnace":4,"minecraft:smoker":3,"minecraft:dripstone_block":1,"minecraft:shears":636,"minecraft:diamond_pickaxe":1416,"minecraft:dark_oak_log":18,"minecraft:diamond_sword":510,"minecraft:cobblestone":225,"minecraft:cooked_porkchop":60,"minecraft:bucket":14},"minecraft:mined":{"minecraft:tuff":90,"minecraft:dark_oak_leaves":460,"minecraft:deepslate_diamond_ore":99,"minecraft:cherry_log":388,"minecraft:dark_oak_log":188,"minecraft:stripped_cherry_log":20,"minecraft:jungle_leaves":25,"minecraft:obsidian":21,"minecraft:allium":182,"minecraft:cave_vines_plant":75,"minecraft:granite":4,"minecraft:grass_block":138,"minecraft:moss_block":29,"minecraft:spore_blossom":3,"minecraft:redstone_ore":6,"minecraft:magma_block":2,"minecraft:furnace":1,"minecraft:iron_ore":74,"minecraft:cobbled_deepslate":2,"minecraft:moss_carpet":1,"minecraft:deepslate_lapis_ore":2,"minecraft:enchanting_table":1,"minecraft:dirt_path":1,"minecraft:vine":43,"minecraft:cave_vines":74,"minecraft:deepslate_iron_ore":49,"minecraft:cobblestone_slab":74,"minecraft:rail":3,"minecraft:pink_tulip":114,"minecraft:bamboo":23,"minecraft:white_tulip":55,"minecraft:stone":325,"travelersbackpack:spider":4,"minecraft:podzol":79,"minecraft:deepslate_redstone_ore":30,"minecraft:flowering_azalea":1,"minecraft:cherry_planks":1,"minecraft:clay":12,"minecraft:torch":12,"minecraft:short_grass":919,"minecraft:blast_furnace":4,"minecraft:emerald_ore":1,"minecraft:chest":7,"minecraft:tall_grass":14,"minecraft:cobblestone":23,"minecraft:deepslate_gold_ore":79,"minecraft:lapis_ore":4,"minecraft:sugar_cane":1,"minecraft:diorite":3,"minecraft:wall_torch":3,"minecraft:big_dripleaf":4,"minecraft:pink_petals":163,"minecraft:cherry_fence":2,"minecraft:cobblestone_wall":1,"minecraft:birch_log":29,"minecraft:birch_leaves":2,"minecraft:coal_ore":72,"minecraft:cherry_leaves":277,"minecraft:dripstone_block":1,"minecraft:dirt":493,"minecraft:small_dripleaf":1,"minecraft:polished_andesite":9,"minecraft:netherrack":19,"minecraft:gold_ore":8,"minecraft:chipped_anvil":1,"minecraft:deepslate":260,"minecraft:fern":307}},"DataVersion":3953}