{"stats":{"minecraft:crafted":{"minecraft:crafting_table":3,"minecraft:spruce_planks":128,"minecraft:wooden_pickaxe":1,"minecraft:furnace":1,"minecraft:stone_axe":1,"minecraft:cooked_mutton":1,"minecraft:air":0,"minecraft:stick":68,"minecraft:stone_pickaxe":2,"minecraft:wooden_axe":1,"minecraft:stone_sword":1,"minecraft:spruce_boat":1,"minecraft:torch":168},"minecraft:picked_up":{"minecraft:wooden_axe":1,"minecraft:crafting_table":6,"minecraft:brown_mushroom":1,"minecraft:wooden_pickaxe":2,"minecraft:gunpowder":6,"minecraft:string":1,"minecraft:moss_carpet":1,"minecraft:bow":1,"minecraft:wheat_seeds":5,"minecraft:moss_block":1,"minecraft:furnace":1,"minecraft:raw_iron":7,"minecraft:stick":15,"minecraft:sandstone":4,"minecraft:torch":2,"minecraft:sand":21,"minecraft:spruce_sapling":37,"minecraft:spruce_log":196,"minecraft:spider_eye":1,"minecraft:arrow":6,"minecraft:rotten_flesh":9,"minecraft:slime_ball":6,"minecraft:tropical_fish":5,"minecraft:bone_meal":1,"minecraft:glow_berries":3,"minecraft:mutton":1,"minecraft:coal":107,"minecraft:white_wool":1,"minecraft:cobblestone":143},"minecraft:killed_by":{"minecraft:skeleton":7,"minecraft:creeper":1,"minecraft:spider":1,"minecraft:zombie":4},"minecraft:custom":{"minecraft:interact_with_furnace":3,"minecraft:mob_kills":26,"minecraft:interact_with_crafting_table":10,"minecraft:leave_game":1,"minecraft:time_since_death":15254,"minecraft:time_since_rest":15277,"minecraft:sprint_one_cm":133572,"minecraft:damage_taken":3690,"minecraft:walk_one_cm":78089,"minecraft:damage_dealt":3160,"minecraft:swim_one_cm":9457,"minecraft:fly_one_cm":158982,"minecraft:crouch_one_cm":9516,"minecraft:play_time":88989,"minecraft:deaths":13,"minecraft:sneak_time":4429,"minecraft:walk_under_water_one_cm":1857,"minecraft:jump":833,"minecraft:walk_on_water_one_cm":5438,"minecraft:total_world_time":88989,"minecraft:fall_one_cm":32015},"minecraft:killed":{"minecraft:spider":1,"minecraft:slime":12,"minecraft:creeper":2,"minecraft:sheep":1,"minecraft:skeleton":4,"minecraft:zombie":6},"minecraft:broken":{"minecraft:stone_pickaxe":1,"minecraft:stone_axe":1,"minecraft:wooden_axe":1},"minecraft:used":{"minecraft:cooked_mutton":1,"minecraft:stone_sword":40,"minecraft:stone_pickaxe":263,"minecraft:wooden_pickaxe":5,"minecraft:torch":82,"minecraft:glow_berries":3,"minecraft:sand":3,"minecraft:crafting_table":7,"minecraft:spruce_log":4,"minecraft:wooden_axe":53,"minecraft:stone_axe":123,"minecraft:cobblestone":20,"minecraft:furnace":2},"minecraft:mined":{"minecraft:brown_mushroom":1,"minecraft:crafting_table":5,"minecraft:cave_vines_plant":6,"minecraft:short_grass":7,"minecraft:tall_grass":4,"minecraft:spruce_leaves":1,"minecraft:moss_block":1,"minecraft:large_fern":2,"minecraft:furnace":1,"minecraft:iron_ore":7,"minecraft:spruce_log":141,"minecraft:coal_ore":107,"minecraft:cave_vines":6,"minecraft:stone":139}},"DataVersion":3953}