{"stats":{"minecraft:crafted":{"minecraft:crafting_table":3,"minecraft:spruce_planks":128,"minecraft:stick":68,"minecraft:wooden_pickaxe":1,"minecraft:stone_pickaxe":1,"minecraft:wooden_axe":1,"minecraft:stone_sword":1,"minecraft:spruce_boat":1,"minecraft:torch":64,"minecraft:stone_axe":1},"minecraft:picked_up":{"minecraft:wooden_axe":1,"minecraft:crafting_table":5,"minecraft:stick":15,"minecraft:raw_iron":2,"minecraft:sandstone":4,"minecraft:brown_mushroom":1,"minecraft:torch":1,"minecraft:wooden_pickaxe":2,"minecraft:sand":21,"minecraft:spruce_sapling":37,"minecraft:gunpowder":6,"minecraft:spruce_log":196,"minecraft:spider_eye":1,"minecraft:string":1,"minecraft:arrow":2,"minecraft:rotten_flesh":9,"minecraft:wheat_seeds":3,"minecraft:mutton":1,"minecraft:coal":71,"minecraft:white_wool":1,"minecraft:cobblestone":38},"minecraft:killed_by":{"minecraft:skeleton":6,"minecraft:creeper":1,"minecraft:spider":1,"minecraft:zombie":4},"minecraft:custom":{"minecraft:time_since_rest":6953,"minecraft:sprint_one_cm":102733,"minecraft:damage_taken":3375,"minecraft:walk_one_cm":52820,"minecraft:mob_kills":12,"minecraft:damage_dealt":2450,"minecraft:swim_one_cm":8748,"minecraft:interact_with_crafting_table":6,"minecraft:fly_one_cm":139644,"minecraft:crouch_one_cm":4742,"minecraft:play_time":64989,"minecraft:deaths":12,"minecraft:sneak_time":2334,"minecraft:walk_under_water_one_cm":1777,"minecraft:jump":648,"minecraft:leave_game":1,"minecraft:time_since_death":6924,"minecraft:walk_on_water_one_cm":3415,"minecraft:total_world_time":64989,"minecraft:fall_one_cm":30074},"minecraft:killed":{"minecraft:skeleton":2,"minecraft:sheep":1,"minecraft:zombie":6,"minecraft:spider":1,"minecraft:creeper":2},"minecraft:broken":{"minecraft:wooden_axe":1,"minecraft:stone_axe":1},"minecraft:used":{"minecraft:wooden_axe":53,"minecraft:stone_sword":23,"minecraft:stone_pickaxe":104,"minecraft:wooden_pickaxe":5,"minecraft:stone_axe":123,"minecraft:torch":41,"minecraft:crafting_table":5,"minecraft:spruce_log":4},"minecraft:mined":{"minecraft:large_fern":2,"minecraft:brown_mushroom":1,"minecraft:iron_ore":2,"minecraft:spruce_log":141,"minecraft:crafting_table":4,"minecraft:coal_ore":71,"minecraft:spruce_leaves":1,"minecraft:stone":34}},"DataVersion":3953}