{"stats":{"minecraft:killed_by":{"minecraft:skeleton":2,"minecraft:zombie":3},"minecraft:custom":{"minecraft:time_since_rest":739,"minecraft:crouch_one_cm":948,"minecraft:play_time":16562,"minecraft:sprint_one_cm":23030,"minecraft:deaths":5,"minecraft:damage_taken":1285,"minecraft:walk_one_cm":10664,"minecraft:sneak_time":525,"minecraft:mob_kills":2,"minecraft:jump":180,"minecraft:damage_dealt":598,"minecraft:time_since_death":0,"minecraft:total_world_time":16562,"minecraft:fall_one_cm":6248,"minecraft:interact_with_crafting_table":1,"minecraft:fly_one_cm":37892},"minecraft:mined":{"minecraft:large_fern":1,"minecraft:brown_mushroom":1,"minecraft:spruce_leaves":1,"minecraft:spruce_log":36,"minecraft:crafting_table":1},"minecraft:killed":{"minecraft:zombie":1,"minecraft:creeper":1},"minecraft:crafted":{"minecraft:crafting_table":1,"minecraft:spruce_planks":12,"minecraft:stick":4,"minecraft:wooden_pickaxe":1,"minecraft:wooden_axe":1},"minecraft:used":{"minecraft:wooden_axe":50,"minecraft:crafting_table":1,"minecraft:spruce_log":4},"minecraft:picked_up":{"minecraft:wooden_axe":1,"minecraft:stick":6,"minecraft:crafting_table":2,"minecraft:rotten_flesh":2,"minecraft:brown_mushroom":1,"minecraft:wheat_seeds":3,"minecraft:wooden_pickaxe":2,"minecraft:spruce_sapling":30,"minecraft:gunpowder":6,"minecraft:spruce_log":91}},"DataVersion":3953}