{"stats":{"minecraft:killed_by":{"minecraft:zombie_villager":2,"minecraft:creeper":5,"minecraft:zombie":7,"minecraft:spider":1,"minecraft:enderman":5,"minecraft:skeleton":8},"minecraft:custom":{"minecraft:interact_with_crafting_table":111,"minecraft:leave_game":36,"minecraft:time_since_death":7428,"minecraft:sprint_one_cm":2282610,"minecraft:damage_blocked_by_shield":7365,"minecraft:drop":203,"minecraft:talked_to_villager":28,"minecraft:play_time":1308448,"minecraft:deaths":38,"minecraft:jump":16416,"minecraft:interact_with_brewingstand":1,"minecraft:walk_on_water_one_cm":195698,"minecraft:enchant_item":13,"minecraft:interact_with_furnace":87,"minecraft:interact_with_cartography_table":1,"minecraft:sleep_in_bed":52,"minecraft:damage_dealt":56230,"minecraft:crouch_one_cm":232777,"minecraft:interact_with_smoker":16,"minecraft:interact_with_anvil":4,"minecraft:mob_kills":320,"minecraft:climb_one_cm":87343,"minecraft:walk_one_cm":2854708,"minecraft:sneak_time":73575,"minecraft:walk_under_water_one_cm":111264,"minecraft:boat_one_cm":1160652,"minecraft:interact_with_blast_furnace":68,"minecraft:total_world_time":1308448,"minecraft:pot_flower":10,"minecraft:time_since_rest":7457,"minecraft:damage_taken":21172,"minecraft:swim_one_cm":207833,"minecraft:fly_one_cm":3142588,"minecraft:open_chest":735,"minecraft:fall_one_cm":479676},"minecraft:used":{"minecraft:moss_block":18,"minecraft:moss_carpet":3,"minecraft:iron_shovel":987,"minecraft:chest":30,"minecraft:shield":150,"minecraft:iron_sword":281,"minecraft:allium":14,"minecraft:tuff":95,"minecraft:obsidian":18,"minecraft:big_dripleaf":4,"minecraft:glass":123,"minecraft:lava_bucket":4,"minecraft:bricks":1,"minecraft:lantern":67,"minecraft:grass_block":8,"minecraft:birch_sapling":3,"minecraft:polished_andesite_stairs":1,"minecraft:dark_oak_leaves":77,"minecraft:cherry_leaves":41,"minecraft:item_frame":14,"minecraft:golden_sword":2,"minecraft:bow":35,"minecraft:dark_oak_boat":24,"minecraft:scaffolding":320,"minecraft:furnace":4,"minecraft:egg":27,"minecraft:golden_boots":1,"travelersbackpack:spider":15,"minecraft:diorite":3,"minecraft:diamond_boots":1,"minecraft:birch_leaves":1,"minecraft:sugar_cane":24,"minecraft:diamond_axe":1410,"minecraft:glow_berries":69,"minecraft:blast_furnace":4,"minecraft:dripstone_block":1,"minecraft:shears":718,"minecraft:dark_oak_log":18,"minecraft:birch_slab":525,"minecraft:gravel":3,"minecraft:flowering_azalea_leaves":4,"minecraft:diamond_sword":793,"minecraft:birch_log":52,"minecraft:chain":41,"minecraft:coarse_dirt":4,"minecraft:stripped_cherry_log":32,"minecraft:air":6,"minecraft:bone_meal":16,"minecraft:azalea":1,"minecraft:netherite_sword":5,"minecraft:enchanting_table":2,"minecraft:white_tulip":8,"minecraft:flint_and_steel":134,"minecraft:redstone":12,"minecraft:netherrack":28,"minecraft:orange_bed":2,"minecraft:torch":164,"minecraft:brewing_stand":1,"minecraft:dirt":6204,"minecraft:anvil":1,"minecraft:hopper":8,"minecraft:cobblestone_wall":11,"minecraft:dark_oak_planks":10,"minecraft:chipped_anvil":1,"minecraft:bookshelf":14,"minecraft:iron_axe":850,"minecraft:cherry_slab":211,"minecraft:cherry_trapdoor":16,"minecraft:cooked_beef":20,"minecraft:cherry_fence":26,"minecraft:cobbled_deepslate":313,"minecraft:observer":14,"minecraft:cherry_log":205,"minecraft:cooked_mutton":15,"minecraft:water_bucket":179,"minecraft:pink_tulip":6,"minecraft:amethyst_block":125,"minecraft:lead":1,"minecraft:birch_planks":124,"minecraft:glass_bottle":6,"minecraft:polished_andesite":13,"minecraft:birch_boat":1,"minecraft:cherry_planks":1,"minecraft:cobblestone_slab":35,"minecraft:mossy_cobblestone":4,"minecraft:crafting_table":7,"minecraft:white_bed":13,"minecraft:smoker":3,"minecraft:mud":12,"minecraft:piston":12,"minecraft:flower_pot":10,"minecraft:diamond_pickaxe":3693,"minecraft:diamond_shovel":5810,"minecraft:pink_petals":302,"minecraft:cobblestone":306,"minecraft:potion":6,"minecraft:cooked_porkchop":117,"minecraft:bucket":189,"minecraft:smooth_stone":40},"minecraft:killed":{"minecraft:spider":21,"minecraft:skeleton":52,"minecraft:pig":1,"minecraft:zombie_villager":1,"minecraft:creeper":27,"minecraft:sheep":42,"minecraft:trader_llama":4,"minecraft:pillager":8,"minecraft:zombie":84,"minecraft:donkey":4,"minecraft:glow_squid":1,"minecraft:cow":30,"minecraft:horse":2,"minecraft:drowned":4,"minecraft:wandering_trader":2,"minecraft:enderman":23},"minecraft:mined":{"minecraft:large_amethyst_bud":1,"minecraft:white_bed":1,"minecraft:cobblestone_stairs":1,"minecraft:cherry_log":561,"minecraft:jungle_leaves":25,"minecraft:brewing_stand":1,"minecraft:obsidian":21,"minecraft:cherry_trapdoor":4,"minecraft:cave_vines_plant":83,"minecraft:granite":4,"minecraft:budding_amethyst":13,"minecraft:grass_block":2919,"minecraft:smooth_stone":22,"minecraft:magma_block":2,"minecraft:iron_ore":110,"minecraft:cobbled_deepslate":30,"minecraft:fire":12,"minecraft:moss_carpet":1,"minecraft:deepslate_lapis_ore":2,"minecraft:enchanting_table":1,"minecraft:cave_vines":78,"minecraft:flowering_azalea_leaves":16,"minecraft:dirt_path":10,"minecraft:small_amethyst_bud":1,"minecraft:pink_tulip":126,"minecraft:azalea_leaves":12,"minecraft:azalea":1,"minecraft:spruce_slab":1,"minecraft:orange_bed":4,"minecraft:deepslate_redstone_ore":30,"minecraft:brown_mushroom":14,"minecraft:melon_stem":3,"minecraft:medium_amethyst_bud":2,"minecraft:soul_fire":6,"minecraft:amethyst_cluster":1,"minecraft:clay":15,"minecraft:torch":31,"minecraft:blast_furnace":4,"minecraft:melon":6,"minecraft:calcite":9,"minecraft:chest":7,"minecraft:glass":4,"minecraft:nether_quartz_ore":85,"minecraft:cobblestone":27,"minecraft:sugar_cane":31,"minecraft:wall_torch":11,"minecraft:amethyst_block":157,"minecraft:cherry_slab":102,"minecraft:pink_petals":176,"minecraft:chain":2,"minecraft:cherry_fence":6,"minecraft:mud":12,"minecraft:birch_log":216,"minecraft:wheat":33,"minecraft:acacia_fence":5,"minecraft:sand":201,"minecraft:dirt":3413,"minecraft:netherrack":31,"minecraft:piston":6,"minecraft:deepslate":409,"minecraft:tuff":94,"minecraft:mossy_cobblestone":4,"minecraft:dark_oak_leaves":466,"minecraft:deepslate_diamond_ore":204,"minecraft:stripped_cherry_log":32,"minecraft:dark_oak_log":335,"minecraft:glow_lichen":1,"minecraft:cobbled_deepslate_slab":1,"minecraft:allium":216,"minecraft:birch_slab":185,"minecraft:red_mushroom":5,"minecraft:moss_block":34,"minecraft:cartography_table":1,"minecraft:hay_block":47,"minecraft:spore_blossom":5,"minecraft:redstone_ore":6,"minecraft:furnace":1,"minecraft:gold_block":1,"minecraft:bell":1,"minecraft:bookshelf":4,"minecraft:cobblestone_slab":74,"minecraft:deepslate_iron_ore":158,"minecraft:vine":64,"minecraft:rail":3,"minecraft:lantern":22,"minecraft:bamboo":30,"minecraft:stone":1639,"minecraft:white_tulip":59,"travelersbackpack:spider":6,"minecraft:podzol":233,"minecraft:scaffolding":96,"minecraft:flowering_azalea":1,"minecraft:cherry_planks":1,"minecraft:observer":8,"minecraft:crafting_table":3,"minecraft:short_grass":1065,"minecraft:emerald_ore":1,"minecraft:copper_ore":8,"minecraft:tall_grass":23,"minecraft:lapis_ore":4,"minecraft:deepslate_gold_ore":160,"minecraft:diorite":3,"minecraft:big_dripleaf":4,"minecraft:birch_planks":25,"minecraft:coarse_dirt":8,"minecraft:cobblestone_wall":1,"minecraft:birch_leaves":3,"minecraft:coal_ore":120,"minecraft:cherry_leaves":373,"minecraft:dripstone_block":1,"minecraft:cobweb":11,"minecraft:potted_white_tulip":2,"minecraft:polished_andesite":10,"minecraft:small_dripleaf":1,"minecraft:chipped_anvil":1,"minecraft:gold_ore":12,"minecraft:fern":354},"minecraft:broken":{"minecraft:iron_shovel":4,"minecraft:golden_boots":1,"minecraft:shears":3,"minecraft:iron_sword":1,"minecraft:shield":2,"minecraft:iron_axe":5,"minecraft:iron_helmet":1},"minecraft:picked_up":{"minecraft:iron_chestplate":1,"minecraft:flower_pot":2,"minecraft:lead":31,"travelersbackpack:spider":8,"minecraft:brewing_stand":1,"minecraft:amethyst_block":156,"minecraft:string":67,"minecraft:raw_copper":203,"minecraft:cherry_pressure_plate":7,"minecraft:activator_rail":4,"minecraft:cobbled_deepslate":505,"minecraft:gold_nugget":19,"minecraft:smooth_stone":24,"minecraft:bucket":1,"minecraft:dark_oak_leaves":483,"minecraft:spruce_planks":2,"minecraft:white_tulip":59,"minecraft:cobblestone_slab":244,"minecraft:calcite":9,"minecraft:azalea":9,"minecraft:iron_pickaxe":7,"minecraft:azalea_leaves":12,"minecraft:melon_slice":34,"minecraft:iron_boots":1,"minecraft:furnace":1,"minecraft:stick":190,"minecraft:acacia_fence":5,"minecraft:big_dripleaf":4,"minecraft:oak_fence":6,"minecraft:torch":160,"minecraft:porkchop":7,"minecraft:cherry_log":586,"minecraft:diorite":3,"minecraft:vine":4,"minecraft:golden_chestplate":1,"minecraft:orange_bed":4,"minecraft:rotten_flesh":183,"minecraft:tropical_fish":15,"minecraft:obsidian":34,"minecraft:cobblestone":2263,"minecraft:enchanting_table":1,"minecraft:birch_log":253,"minecraft:pink_petals":367,"minecraft:magma_block":4,"minecraft:birch_slab":202,"minecraft:cherry_planks":7,"minecraft:cherry_leaves":340,"minecraft:water_bucket":2,"minecraft:andesite":4,"minecraft:dark_oak_boat":23,"minecraft:brown_wool":2,"minecraft:golden_leggings":1,"minecraft:potato":3,"minecraft:flint":10,"minecraft:tuff":95,"minecraft:cherry_fence":6,"travelersbackpack:gold_tier_upgrade":1,"minecraft:lantern":32,"minecraft:cherry_door":4,"minecraft:lapis_lazuli":82,"minecraft:dirt":6293,"minecraft:name_tag":1,"minecraft:glass":5,"minecraft:bone":90,"minecraft:chipped_anvil":1,"minecraft:bow":1,"minecraft:wheat_seeds":204,"minecraft:raw_gold":210,"minecraft:bell":1,"minecraft:bamboo":383,"minecraft:powered_rail":2,"minecraft:moss_block":39,"minecraft:oak_planks":4,"minecraft:cooked_porkchop":128,"minecraft:sand":197,"minecraft:grass_block":10,"minecraft:dark_oak_log":479,"minecraft:mossy_cobblestone":4,"minecraft:jungle_leaves":32,"minecraft:polished_andesite":13,"minecraft:diamond":241,"minecraft:crossbow":1,"minecraft:granite":8,"minecraft:golden_apple":1,"minecraft:emerald":2,"minecraft:bread":5,"minecraft:cherry_slab":115,"minecraft:netherrack":31,"minecraft:bricks":1,"minecraft:diamond_pickaxe":2,"minecraft:mud":6,"minecraft:coarse_dirt":8,"minecraft:crafting_table":7,"minecraft:allium":184,"minecraft:ominous_bottle":3,"minecraft:clay_ball":92,"minecraft:brown_mushroom":13,"minecraft:gold_block":2,"minecraft:stripped_cherry_log":33,"minecraft:chain":2,"minecraft:shield":3,"minecraft:moss_carpet":14,"minecraft:iron_axe":1,"minecraft:wooden_sword":2,"minecraft:flint_and_steel":1,"minecraft:item_frame":2,"minecraft:iron_shovel":1,"minecraft:cartography_table":1,"minecraft:beef":63,"minecraft:light_gray_wool":5,"minecraft:jungle_sapling":1,"minecraft:observer":8,"minecraft:iron_nugget":7,"minecraft:spruce_slab":1,"minecraft:sugar_cane":51,"minecraft:chest":10,"minecraft:birch_sapling":18,"minecraft:cherry_button":30,"minecraft:cherry_trapdoor":4,"minecraft:piston":6,"minecraft:egg":37,"minecraft:dark_oak_sapling":59,"minecraft:raw_iron":278,"minecraft:cherry_stairs":6,"minecraft:flowering_azalea_leaves":16,"minecraft:fire_charge":2,"minecraft:redstone":165,"minecraft:dark_oak_planks":7,"minecraft:arrow":92,"minecraft:shears":3,"minecraft:hay_block":46,"minecraft:pink_tulip":145,"minecraft:gold_ingot":10,"minecraft:glow_berries":68,"minecraft:mutton":64,"minecraft:rail":10,"minecraft:white_wool":40,"minecraft:birch_leaves":1,"minecraft:glow_ink_sac":14,"minecraft:leather":41,"minecraft:fern":6,"minecraft:red_mushroom":5,"minecraft:birch_planks":29,"minecraft:golden_boots":1,"minecraft:cobblestone_wall":27,"minecraft:gunpowder":29,"minecraft:cobblestone_stairs":9,"minecraft:paper":4,"minecraft:white_banner":3,"minecraft:apple":4,"minecraft:spore_blossom":5,"minecraft:iron_ingot":30,"minecraft:soul_sand":5,"minecraft:flowering_azalea":7,"minecraft:book":12,"minecraft:scaffolding":318,"minecraft:polished_andesite_stairs":2,"minecraft:birch_boat":1,"minecraft:quartz":85,"minecraft:dripstone_block":1,"minecraft:gravel":14,"minecraft:amethyst_shard":4,"minecraft:blast_furnace":5,"minecraft:white_bed":1,"minecraft:spider_eye":5,"minecraft:leather_helmet":1,"travelersbackpack:standard":2,"minecraft:honey_block":3,"minecraft:short_grass":79,"minecraft:cherry_sapling":93,"minecraft:melon_seeds":8,"minecraft:black_wool":4,"minecraft:coal":308,"minecraft:ender_pearl":13},"minecraft:crafted":{"minecraft:brick":40,"minecraft:smooth_stone":76,"minecraft:dark_oak_boat":2,"minecraft:cherry_slab":288,"minecraft:birch_boat":1,"minecraft:chain":56,"minecraft:birch_slab":324,"minecraft:stone":99,"minecraft:diamond_shovel":3,"minecraft:bookshelf":14,"minecraft:cooked_mutton":8,"minecraft:glass":155,"minecraft:hopper":8,"minecraft:diamond_helmet":1,"minecraft:diamond_leggings":1,"minecraft:iron_boots":1,"minecraft:chest":31,"minecraft:bricks":3,"minecraft:cherry_fence":12,"minecraft:flower_pot":8,"minecraft:golden_boots":2,"minecraft:smoker":3,"minecraft:glass_bottle":3,"minecraft:item_frame":16,"minecraft:cooked_porkchop":6,"minecraft:diamond_axe":2,"minecraft:crafting_table":4,"minecraft:iron_helmet":1,"minecraft:birch_planks":312,"minecraft:book":31,"minecraft:paper":66,"minecraft:diamond_pickaxe":2,"minecraft:shield":1,"minecraft:stick":100,"minecraft:iron_ingot":266,"minecraft:iron_block":3,"minecraft:gold_ingot":196,"minecraft:shears":3,"minecraft:cherry_planks":236,"minecraft:iron_nugget":792,"minecraft:furnace":3,"minecraft:piston":6,"minecraft:bone_meal":198,"minecraft:flint_and_steel":1,"minecraft:scaffolding":108,"minecraft:cherry_trapdoor":12,"minecraft:lantern":82,"minecraft:iron_axe":2,"minecraft:diamond_boots":1,"minecraft:dark_oak_planks":544,"minecraft:observer":6,"minecraft:wheat":297,"minecraft:cooked_beef":31,"minecraft:sugar":6,"minecraft:diamond_sword":2,"minecraft:enchanting_table":1,"minecraft:iron_sword":1,"minecraft:bucket":5,"minecraft:dark_oak_button":5,"minecraft:bread":99,"minecraft:air":0,"minecraft:golden_apple":4,"minecraft:gold_nugget":2,"minecraft:fermented_spider_eye":5,"minecraft:iron_shovel":3,"minecraft:anvil":1,"minecraft:white_bed":13,"minecraft:torch":164,"minecraft:diamond_chestplate":1},"minecraft:dropped":{"minecraft:moss_block":18,"minecraft:short_grass":79,"minecraft:dark_oak_sapling":51,"minecraft:cooked_porkchop":64,"minecraft:glow_berries":4,"minecraft:dark_oak_button":5,"minecraft:dirt":22,"minecraft:dark_oak_log":1,"minecraft:cherry_leaves":163,"minecraft:jungle_sapling":1,"minecraft:wooden_sword":1,"minecraft:iron_pickaxe":3,"minecraft:dark_oak_planks":70,"minecraft:gold_ingot":2,"minecraft:gravel":11,"minecraft:birch_sapling":4,"minecraft:obsidian":1,"minecraft:cherry_sapling":3,"minecraft:rotten_flesh":2,"minecraft:oak_planks":2,"minecraft:fern":8,"minecraft:azalea":5,"minecraft:arrow":4,"minecraft:netherrack":3,"minecraft:bread":112,"minecraft:vine":4,"minecraft:wheat_seeds":41,"minecraft:cobblestone":195,"minecraft:granite":4,"minecraft:grass_block":1,"minecraft:polished_andesite":2,"minecraft:dark_oak_leaves":205,"minecraft:torch":29,"travelersbackpack:spider":2,"minecraft:jungle_leaves":16,"minecraft:polished_andesite_stairs":2,"minecraft:flowering_azalea":3,"minecraft:smooth_stone":2,"minecraft:string":11,"minecraft:pink_petals":5,"minecraft:pink_tulip":7,"minecraft:moss_carpet":6,"minecraft:light_gray_wool":1,"minecraft:filled_map":1,"minecraft:allium":2,"minecraft:spruce_planks":2,"minecraft:diamond_pickaxe":1,"minecraft:andesite":4,"minecraft:stripped_cherry_log":1,"minecraft:calcite":9,"minecraft:magma_block":2,"minecraft:brick":2}},"DataVersion":3953}