{"stats":{"minecraft:custom":{"minecraft:mob_kills":74,"minecraft:interact_with_anvil":1,"minecraft:interact_with_crafting_table":16,"minecraft:leave_game":15,"minecraft:time_since_death":21669,"minecraft:climb_one_cm":12157,"minecraft:sprint_one_cm":402815,"minecraft:walk_one_cm":408328,"minecraft:damage_blocked_by_shield":5175,"minecraft:drop":17,"minecraft:play_time":219453,"minecraft:deaths":14,"minecraft:sneak_time":11982,"minecraft:walk_under_water_one_cm":20213,"minecraft:boat_one_cm":155888,"minecraft:jump":2861,"minecraft:interact_with_blast_furnace":6,"minecraft:walk_on_water_one_cm":36057,"minecraft:total_world_time":219453,"minecraft:interact_with_furnace":1,"minecraft:sleep_in_bed":8,"minecraft:time_since_rest":13547,"minecraft:damage_taken":5900,"minecraft:damage_dealt":12608,"minecraft:swim_one_cm":41436,"minecraft:fly_one_cm":572118,"minecraft:open_chest":72,"minecraft:crouch_one_cm":38254,"minecraft:fall_one_cm":86455},"minecraft:broken":{"minecraft:shears":1,"minecraft:shield":2,"minecraft:iron_axe":1,"minecraft:iron_sword":1},"minecraft:dropped":{"minecraft:wheat_seeds":5,"minecraft:dark_oak_sapling":1,"minecraft:cobblestone":171,"minecraft:polished_andesite":1,"minecraft:torch":29,"travelersbackpack:spider":1,"minecraft:iron_pickaxe":1,"minecraft:string":1,"minecraft:pink_petals":5,"minecraft:pink_tulip":1,"minecraft:rotten_flesh":2,"minecraft:fern":3,"minecraft:spruce_planks":2,"minecraft:andesite":2,"minecraft:arrow":4},"minecraft:killed_by":{"minecraft:creeper":3,"minecraft:skeleton":6,"minecraft:zombie":2},"minecraft:picked_up":{"minecraft:crafting_table":1,"minecraft:allium":1,"minecraft:clay_ball":18,"minecraft:lead":14,"travelersbackpack:spider":3,"minecraft:shield":1,"minecraft:string":4,"minecraft:moss_carpet":3,"minecraft:raw_copper":43,"minecraft:wooden_sword":1,"minecraft:cobbled_deepslate":53,"minecraft:dark_oak_leaves":233,"minecraft:spruce_planks":2,"minecraft:beef":23,"minecraft:cobblestone_slab":62,"minecraft:azalea":3,"minecraft:iron_pickaxe":1,"minecraft:sugar_cane":3,"minecraft:cherry_button":15,"minecraft:egg":1,"minecraft:dark_oak_sapling":8,"minecraft:stick":21,"minecraft:raw_iron":76,"minecraft:cherry_stairs":3,"minecraft:oak_fence":2,"minecraft:torch":7,"minecraft:porkchop":1,"minecraft:cherry_log":107,"minecraft:diorite":3,"minecraft:vine":3,"minecraft:rotten_flesh":28,"minecraft:arrow":18,"minecraft:tropical_fish":6,"minecraft:pink_tulip":1,"minecraft:glow_berries":20,"minecraft:obsidian":15,"minecraft:cobblestone":497,"minecraft:rail":3,"minecraft:birch_log":26,"minecraft:pink_petals":5,"minecraft:magma_block":2,"minecraft:birch_leaves":1,"minecraft:cherry_planks":1,"minecraft:glow_ink_sac":2,"minecraft:cherry_leaves":75,"minecraft:andesite":2,"minecraft:dark_oak_boat":1,"minecraft:leather":18,"minecraft:fern":1,"minecraft:tuff":20,"minecraft:cobblestone_wall":1,"minecraft:gunpowder":1,"minecraft:cobblestone_stairs":4,"minecraft:cherry_door":2,"minecraft:lapis_lazuli":14,"minecraft:dirt":42,"minecraft:lantern":6,"minecraft:bone":19,"minecraft:wheat_seeds":15,"minecraft:raw_gold":41,"minecraft:bamboo":120,"minecraft:moss_block":14,"minecraft:flowering_azalea":2,"minecraft:oak_planks":2,"minecraft:dripstone_block":1,"minecraft:grass_block":1,"minecraft:dark_oak_log":60,"minecraft:jungle_leaves":16,"minecraft:polished_andesite":4,"minecraft:diamond":31,"minecraft:granite":4,"minecraft:cherry_sapling":14,"minecraft:emerald":1,"minecraft:netherrack":19,"minecraft:coal":75,"minecraft:ender_pearl":2},"minecraft:crafted":{"minecraft:cherry_planks":44,"minecraft:dark_oak_boat":2,"minecraft:iron_boots":1,"minecraft:iron_axe":2,"minecraft:chest":5,"minecraft:dark_oak_planks":32,"minecraft:crafting_table":2,"minecraft:enchanting_table":1,"minecraft:iron_helmet":1,"minecraft:iron_sword":1,"minecraft:air":0,"minecraft:book":1,"minecraft:shield":1,"minecraft:stick":12,"minecraft:iron_ingot":68,"minecraft:iron_block":3,"minecraft:anvil":1,"minecraft:torch":76,"minecraft:shears":3},"minecraft:mined":{"minecraft:tuff":21,"minecraft:dark_oak_leaves":349,"minecraft:deepslate_diamond_ore":31,"minecraft:cherry_log":100,"minecraft:jungle_leaves":24,"minecraft:dark_oak_log":61,"minecraft:obsidian":15,"minecraft:cave_vines_plant":18,"minecraft:granite":4,"minecraft:allium":1,"minecraft:moss_block":14,"minecraft:magma_block":2,"minecraft:iron_ore":56,"minecraft:cobbled_deepslate":1,"minecraft:moss_carpet":1,"minecraft:deepslate_lapis_ore":2,"minecraft:deepslate_iron_ore":18,"minecraft:cave_vines":10,"minecraft:cobblestone_slab":9,"minecraft:vine":6,"minecraft:rail":3,"minecraft:pink_tulip":1,"minecraft:bamboo":15,"minecraft:stone":214,"travelersbackpack:spider":3,"minecraft:cherry_planks":1,"minecraft:clay":4,"minecraft:torch":5,"minecraft:short_grass":15,"minecraft:emerald_ore":1,"minecraft:tall_grass":12,"minecraft:cobblestone":9,"minecraft:deepslate_gold_ore":33,"minecraft:sugar_cane":1,"minecraft:diorite":3,"minecraft:wall_torch":1,"minecraft:cobblestone_wall":1,"minecraft:birch_leaves":2,"minecraft:coal_ore":32,"minecraft:cherry_leaves":126,"minecraft:dripstone_block":1,"minecraft:dirt":7,"minecraft:polished_andesite":2,"minecraft:small_dripleaf":1,"minecraft:netherrack":19,"minecraft:gold_ore":8,"minecraft:deepslate":50,"minecraft:fern":4},"minecraft:killed":{"minecraft:spider":8,"minecraft:skeleton":17,"minecraft:pig":1,"minecraft:creeper":3,"minecraft:donkey":4,"minecraft:zombie":22,"minecraft:cow":12,"minecraft:enderman":2},"minecraft:used":{"minecraft:moss_block":9,"minecraft:netherite_sword":5,"minecraft:enchanting_table":1,"minecraft:chest":2,"minecraft:shield":110,"minecraft:iron_sword":263,"minecraft:netherrack":19,"minecraft:torch":51,"minecraft:dirt":31,"minecraft:anvil":1,"minecraft:cobblestone_wall":1,"minecraft:tuff":20,"minecraft:lantern":2,"minecraft:iron_axe":242,"minecraft:grass_block":1,"minecraft:polished_andesite_stairs":1,"minecraft:dark_oak_boat":3,"minecraft:furnace":3,"minecraft:egg":21,"minecraft:cobbled_deepslate":40,"minecraft:cherry_fence":10,"minecraft:cherry_log":18,"minecraft:cooked_mutton":7,"travelersbackpack:spider":7,"minecraft:diorite":3,"minecraft:birch_leaves":1,"minecraft:lead":1,"minecraft:polished_andesite":5,"minecraft:cherry_planks":1,"minecraft:cobblestone_slab":4,"minecraft:glow_berries":26,"minecraft:crafting_table":2,"minecraft:dripstone_block":1,"minecraft:shears":469,"minecraft:diamond_pickaxe":564,"minecraft:dark_oak_log":3,"minecraft:cobblestone":166,"minecraft:cooked_porkchop":19}},"DataVersion":3953}