{"stats":{"minecraft:killed":{"minecraft:spider":20,"minecraft:skeleton":50,"minecraft:pig":1,"minecraft:zombie_villager":1,"minecraft:creeper":19,"minecraft:sheep":42,"minecraft:trader_llama":4,"minecraft:pillager":5,"minecraft:zombie":77,"minecraft:donkey":4,"minecraft:glow_squid":1,"minecraft:cow":30,"minecraft:horse":2,"minecraft:drowned":4,"minecraft:wandering_trader":2,"minecraft:enderman":18},"minecraft:used":{"minecraft:moss_block":18,"minecraft:moss_carpet":3,"minecraft:iron_shovel":987,"minecraft:chest":30,"minecraft:shield":150,"minecraft:iron_sword":281,"minecraft:allium":14,"minecraft:tuff":95,"minecraft:obsidian":18,"minecraft:big_dripleaf":4,"minecraft:glass":21,"minecraft:lava_bucket":4,"minecraft:lantern":67,"minecraft:grass_block":7,"minecraft:birch_sapling":3,"minecraft:polished_andesite_stairs":1,"minecraft:dark_oak_leaves":77,"minecraft:cherry_leaves":41,"minecraft:item_frame":14,"minecraft:golden_sword":2,"minecraft:bow":35,"minecraft:dark_oak_boat":23,"minecraft:scaffolding":320,"minecraft:furnace":4,"minecraft:egg":27,"travelersbackpack:spider":15,"minecraft:diorite":3,"minecraft:diamond_boots":1,"minecraft:birch_leaves":1,"minecraft:sugar_cane":24,"minecraft:diamond_axe":1226,"minecraft:glow_berries":69,"minecraft:blast_furnace":4,"minecraft:dripstone_block":1,"minecraft:shears":718,"minecraft:dark_oak_log":18,"minecraft:birch_slab":502,"minecraft:gravel":3,"minecraft:flowering_azalea_leaves":4,"minecraft:diamond_sword":769,"minecraft:birch_log":52,"minecraft:chain":41,"minecraft:coarse_dirt":4,"minecraft:stripped_cherry_log":32,"minecraft:air":6,"minecraft:bone_meal":16,"minecraft:azalea":1,"minecraft:netherite_sword":5,"minecraft:enchanting_table":2,"minecraft:white_tulip":8,"minecraft:flint_and_steel":134,"minecraft:redstone":12,"minecraft:netherrack":28,"minecraft:orange_bed":2,"minecraft:torch":163,"minecraft:dirt":2609,"minecraft:anvil":1,"minecraft:hopper":8,"minecraft:cobblestone_wall":11,"minecraft:dark_oak_planks":10,"minecraft:chipped_anvil":1,"minecraft:bookshelf":10,"minecraft:iron_axe":850,"minecraft:cherry_slab":211,"minecraft:cherry_trapdoor":16,"minecraft:cooked_beef":6,"minecraft:cherry_fence":23,"minecraft:cobbled_deepslate":313,"minecraft:observer":14,"minecraft:cherry_log":205,"minecraft:cooked_mutton":15,"minecraft:water_bucket":179,"minecraft:pink_tulip":6,"minecraft:amethyst_block":125,"minecraft:lead":1,"minecraft:birch_planks":108,"minecraft:glass_bottle":6,"minecraft:polished_andesite":13,"minecraft:birch_boat":1,"minecraft:cherry_planks":1,"minecraft:cobblestone_slab":35,"minecraft:mossy_cobblestone":4,"minecraft:crafting_table":7,"minecraft:white_bed":12,"minecraft:smoker":3,"minecraft:mud":12,"minecraft:piston":12,"minecraft:flower_pot":10,"minecraft:diamond_pickaxe":2519,"minecraft:diamond_shovel":1576,"minecraft:pink_petals":300,"minecraft:cobblestone":306,"minecraft:potion":6,"minecraft:cooked_porkchop":117,"minecraft:bucket":189,"minecraft:smooth_stone":40},"minecraft:custom":{"minecraft:interact_with_crafting_table":94,"minecraft:leave_game":30,"minecraft:time_since_death":116084,"minecraft:sprint_one_cm":1945682,"minecraft:damage_blocked_by_shield":7365,"minecraft:drop":201,"minecraft:talked_to_villager":28,"minecraft:play_time":1146121,"minecraft:deaths":31,"minecraft:jump":14181,"minecraft:walk_on_water_one_cm":182268,"minecraft:enchant_item":5,"minecraft:interact_with_furnace":73,"minecraft:interact_with_cartography_table":1,"minecraft:sleep_in_bed":46,"minecraft:damage_dealt":49497,"minecraft:crouch_one_cm":195929,"minecraft:interact_with_smoker":16,"minecraft:interact_with_anvil":2,"minecraft:mob_kills":293,"minecraft:climb_one_cm":85193,"minecraft:walk_one_cm":2230316,"minecraft:sneak_time":65930,"minecraft:walk_under_water_one_cm":99341,"minecraft:boat_one_cm":1049994,"minecraft:interact_with_blast_furnace":64,"minecraft:total_world_time":1146121,"minecraft:pot_flower":10,"minecraft:time_since_rest":6150,"minecraft:damage_taken":18655,"minecraft:swim_one_cm":176082,"minecraft:fly_one_cm":2679606,"minecraft:open_chest":652,"minecraft:fall_one_cm":415956},"minecraft:killed_by":{"minecraft:creeper":5,"minecraft:zombie":6,"minecraft:spider":1,"minecraft:enderman":3,"minecraft:skeleton":7},"minecraft:crafted":{"minecraft:brick":40,"minecraft:smooth_stone":45,"minecraft:dark_oak_boat":2,"minecraft:cherry_slab":288,"minecraft:birch_boat":1,"minecraft:chain":56,"minecraft:birch_slab":324,"minecraft:stone":99,"minecraft:diamond_shovel":2,"minecraft:bookshelf":10,"minecraft:cooked_mutton":8,"minecraft:glass":43,"minecraft:hopper":8,"minecraft:diamond_helmet":1,"minecraft:diamond_leggings":1,"minecraft:iron_boots":1,"minecraft:chest":31,"minecraft:bricks":3,"minecraft:cherry_fence":12,"minecraft:flower_pot":8,"minecraft:golden_boots":1,"minecraft:smoker":3,"minecraft:glass_bottle":3,"minecraft:item_frame":16,"minecraft:cooked_porkchop":6,"minecraft:diamond_axe":2,"minecraft:crafting_table":4,"minecraft:iron_helmet":1,"minecraft:birch_planks":312,"minecraft:book":19,"minecraft:paper":30,"minecraft:diamond_pickaxe":1,"minecraft:shield":1,"minecraft:stick":100,"minecraft:iron_ingot":266,"minecraft:iron_block":3,"minecraft:gold_ingot":196,"minecraft:shears":3,"minecraft:cherry_planks":236,"minecraft:iron_nugget":792,"minecraft:furnace":3,"minecraft:piston":6,"minecraft:bone_meal":159,"minecraft:flint_and_steel":1,"minecraft:scaffolding":108,"minecraft:cherry_trapdoor":12,"minecraft:lantern":82,"minecraft:iron_axe":2,"minecraft:diamond_boots":1,"minecraft:dark_oak_planks":544,"minecraft:observer":6,"minecraft:wheat":297,"minecraft:cooked_beef":31,"minecraft:diamond_sword":1,"minecraft:enchanting_table":1,"minecraft:iron_sword":1,"minecraft:bucket":5,"minecraft:dark_oak_button":5,"minecraft:bread":99,"minecraft:air":0,"minecraft:gold_nugget":2,"minecraft:iron_shovel":3,"minecraft:anvil":1,"minecraft:white_bed":13,"minecraft:torch":164,"minecraft:diamond_chestplate":1},"minecraft:dropped":{"minecraft:moss_block":18,"minecraft:short_grass":79,"minecraft:dark_oak_sapling":51,"minecraft:cooked_porkchop":64,"minecraft:glow_berries":4,"minecraft:dark_oak_button":5,"minecraft:dirt":22,"minecraft:dark_oak_log":1,"minecraft:cherry_leaves":163,"minecraft:jungle_sapling":1,"minecraft:wooden_sword":1,"minecraft:iron_pickaxe":3,"minecraft:dark_oak_planks":70,"minecraft:gravel":11,"minecraft:birch_sapling":4,"minecraft:obsidian":1,"minecraft:cherry_sapling":3,"minecraft:rotten_flesh":2,"minecraft:oak_planks":2,"minecraft:fern":8,"minecraft:azalea":5,"minecraft:arrow":4,"minecraft:netherrack":3,"minecraft:bread":112,"minecraft:vine":4,"minecraft:wheat_seeds":41,"minecraft:cobblestone":195,"minecraft:granite":4,"minecraft:grass_block":1,"minecraft:polished_andesite":2,"minecraft:dark_oak_leaves":205,"minecraft:torch":29,"travelersbackpack:spider":2,"minecraft:jungle_leaves":16,"minecraft:polished_andesite_stairs":2,"minecraft:flowering_azalea":3,"minecraft:smooth_stone":2,"minecraft:string":11,"minecraft:pink_petals":5,"minecraft:pink_tulip":7,"minecraft:moss_carpet":6,"minecraft:light_gray_wool":1,"minecraft:filled_map":1,"minecraft:allium":2,"minecraft:spruce_planks":2,"minecraft:diamond_pickaxe":1,"minecraft:andesite":4,"minecraft:stripped_cherry_log":1,"minecraft:calcite":9,"minecraft:magma_block":2,"minecraft:brick":2},"minecraft:broken":{"minecraft:iron_shovel":4,"minecraft:golden_boots":1,"minecraft:shears":3,"minecraft:iron_sword":1,"minecraft:shield":2,"minecraft:iron_axe":5,"minecraft:iron_helmet":1},"minecraft:mined":{"minecraft:large_amethyst_bud":1,"minecraft:cobblestone_stairs":1,"minecraft:cherry_log":478,"minecraft:jungle_leaves":25,"minecraft:brewing_stand":1,"minecraft:obsidian":21,"minecraft:cherry_trapdoor":4,"minecraft:cave_vines_plant":83,"minecraft:granite":4,"minecraft:budding_amethyst":13,"minecraft:grass_block":1227,"minecraft:smooth_stone":22,"minecraft:magma_block":2,"minecraft:iron_ore":104,"minecraft:cobbled_deepslate":30,"minecraft:fire":12,"minecraft:moss_carpet":1,"minecraft:deepslate_lapis_ore":2,"minecraft:enchanting_table":1,"minecraft:cave_vines":78,"minecraft:flowering_azalea_leaves":16,"minecraft:dirt_path":9,"minecraft:small_amethyst_bud":1,"minecraft:pink_tulip":126,"minecraft:azalea_leaves":12,"minecraft:azalea":1,"minecraft:spruce_slab":1,"minecraft:orange_bed":4,"minecraft:deepslate_redstone_ore":30,"minecraft:melon_stem":3,"minecraft:medium_amethyst_bud":2,"minecraft:soul_fire":6,"minecraft:amethyst_cluster":1,"minecraft:clay":12,"minecraft:torch":30,"minecraft:blast_furnace":4,"minecraft:melon":6,"minecraft:calcite":9,"minecraft:chest":7,"minecraft:nether_quartz_ore":85,"minecraft:glass":3,"minecraft:cobblestone":27,"minecraft:sugar_cane":31,"minecraft:wall_torch":10,"minecraft:amethyst_block":157,"minecraft:cherry_slab":102,"minecraft:pink_petals":175,"minecraft:chain":2,"minecraft:cherry_fence":3,"minecraft:mud":12,"minecraft:birch_log":216,"minecraft:wheat":33,"minecraft:acacia_fence":5,"minecraft:sand":43,"minecraft:dirt":1086,"minecraft:netherrack":31,"minecraft:piston":6,"minecraft:deepslate":409,"minecraft:tuff":94,"minecraft:mossy_cobblestone":4,"minecraft:dark_oak_leaves":466,"minecraft:deepslate_diamond_ore":204,"minecraft:stripped_cherry_log":32,"minecraft:dark_oak_log":335,"minecraft:glow_lichen":1,"minecraft:cobbled_deepslate_slab":1,"minecraft:allium":216,"minecraft:birch_slab":183,"minecraft:cartography_table":1,"minecraft:moss_block":34,"minecraft:hay_block":47,"minecraft:spore_blossom":5,"minecraft:redstone_ore":6,"minecraft:furnace":1,"minecraft:gold_block":1,"minecraft:bell":1,"minecraft:bookshelf":4,"minecraft:deepslate_iron_ore":158,"minecraft:cobblestone_slab":74,"minecraft:vine":62,"minecraft:rail":3,"minecraft:lantern":22,"minecraft:bamboo":30,"minecraft:stone":494,"minecraft:white_tulip":59,"travelersbackpack:spider":6,"minecraft:podzol":176,"minecraft:scaffolding":96,"minecraft:flowering_azalea":1,"minecraft:cherry_planks":1,"minecraft:observer":8,"minecraft:crafting_table":3,"minecraft:short_grass":1064,"minecraft:emerald_ore":1,"minecraft:tall_grass":23,"minecraft:deepslate_gold_ore":160,"minecraft:lapis_ore":4,"minecraft:diorite":3,"minecraft:big_dripleaf":4,"minecraft:birch_planks":19,"minecraft:coarse_dirt":4,"minecraft:cobblestone_wall":1,"minecraft:birch_leaves":3,"minecraft:coal_ore":106,"minecraft:cherry_leaves":373,"minecraft:dripstone_block":1,"minecraft:cobweb":2,"minecraft:potted_white_tulip":2,"minecraft:polished_andesite":10,"minecraft:small_dripleaf":1,"minecraft:chipped_anvil":1,"minecraft:gold_ore":12,"minecraft:fern":353},"minecraft:picked_up":{"minecraft:iron_chestplate":1,"minecraft:flower_pot":2,"minecraft:lead":31,"travelersbackpack:spider":8,"minecraft:brewing_stand":1,"minecraft:amethyst_block":156,"minecraft:string":58,"minecraft:raw_copper":171,"minecraft:cherry_pressure_plate":7,"minecraft:activator_rail":4,"minecraft:cobbled_deepslate":505,"minecraft:gold_nugget":19,"minecraft:smooth_stone":24,"minecraft:bucket":1,"minecraft:dark_oak_leaves":483,"minecraft:spruce_planks":2,"minecraft:white_tulip":59,"minecraft:cobblestone_slab":244,"minecraft:calcite":9,"minecraft:azalea":9,"minecraft:iron_pickaxe":7,"minecraft:azalea_leaves":12,"minecraft:melon_slice":34,"minecraft:iron_boots":1,"minecraft:furnace":1,"minecraft:stick":190,"minecraft:acacia_fence":5,"minecraft:big_dripleaf":4,"minecraft:oak_fence":6,"minecraft:torch":156,"minecraft:porkchop":7,"minecraft:cherry_log":504,"minecraft:diorite":3,"minecraft:vine":4,"minecraft:golden_chestplate":1,"minecraft:orange_bed":4,"minecraft:rotten_flesh":172,"minecraft:tropical_fish":15,"minecraft:obsidian":34,"minecraft:cobblestone":1125,"minecraft:enchanting_table":1,"minecraft:birch_log":253,"minecraft:pink_petals":363,"minecraft:magma_block":4,"minecraft:birch_slab":200,"minecraft:cherry_planks":7,"minecraft:cherry_leaves":340,"minecraft:water_bucket":2,"minecraft:andesite":4,"minecraft:dark_oak_boat":23,"minecraft:brown_wool":2,"minecraft:golden_leggings":1,"minecraft:potato":2,"minecraft:flint":10,"minecraft:tuff":95,"minecraft:cherry_fence":3,"travelersbackpack:gold_tier_upgrade":1,"minecraft:lantern":32,"minecraft:cherry_door":4,"minecraft:lapis_lazuli":82,"minecraft:dirt":2646,"minecraft:name_tag":1,"minecraft:glass":5,"minecraft:bone":74,"minecraft:chipped_anvil":1,"minecraft:bow":1,"minecraft:wheat_seeds":204,"minecraft:raw_gold":210,"minecraft:bell":1,"minecraft:bamboo":383,"minecraft:powered_rail":2,"minecraft:moss_block":39,"minecraft:oak_planks":4,"minecraft:cooked_porkchop":128,"minecraft:sand":43,"minecraft:grass_block":8,"minecraft:dark_oak_log":479,"minecraft:mossy_cobblestone":4,"minecraft:jungle_leaves":32,"minecraft:polished_andesite":13,"minecraft:diamond":241,"minecraft:granite":8,"minecraft:golden_apple":1,"minecraft:bread":5,"minecraft:emerald":2,"minecraft:cherry_slab":115,"minecraft:netherrack":31,"minecraft:diamond_pickaxe":2,"minecraft:mud":6,"minecraft:coarse_dirt":4,"minecraft:crafting_table":7,"minecraft:allium":184,"minecraft:ominous_bottle":2,"minecraft:clay_ball":84,"minecraft:gold_block":2,"minecraft:stripped_cherry_log":33,"minecraft:chain":2,"minecraft:shield":3,"minecraft:moss_carpet":12,"minecraft:iron_axe":1,"minecraft:wooden_sword":2,"minecraft:flint_and_steel":1,"minecraft:item_frame":2,"minecraft:iron_shovel":1,"minecraft:cartography_table":1,"minecraft:beef":63,"minecraft:light_gray_wool":5,"minecraft:jungle_sapling":1,"minecraft:observer":8,"minecraft:iron_nugget":7,"minecraft:spruce_slab":1,"minecraft:sugar_cane":51,"minecraft:chest":10,"minecraft:birch_sapling":18,"minecraft:cherry_button":30,"minecraft:cherry_trapdoor":4,"minecraft:piston":6,"minecraft:egg":27,"minecraft:dark_oak_sapling":59,"minecraft:raw_iron":272,"minecraft:cherry_stairs":6,"minecraft:flowering_azalea_leaves":16,"minecraft:fire_charge":2,"minecraft:redstone":165,"minecraft:dark_oak_planks":7,"minecraft:arrow":80,"minecraft:shears":3,"minecraft:hay_block":46,"minecraft:pink_tulip":144,"minecraft:gold_ingot":9,"minecraft:glow_berries":68,"minecraft:mutton":64,"minecraft:rail":10,"minecraft:white_wool":40,"minecraft:birch_leaves":1,"minecraft:glow_ink_sac":14,"minecraft:leather":41,"minecraft:fern":6,"minecraft:birch_planks":23,"minecraft:golden_boots":1,"minecraft:cobblestone_wall":27,"minecraft:gunpowder":22,"minecraft:cobblestone_stairs":9,"minecraft:paper":4,"minecraft:white_banner":2,"minecraft:apple":4,"minecraft:spore_blossom":5,"minecraft:iron_ingot":30,"minecraft:flowering_azalea":7,"minecraft:book":12,"minecraft:scaffolding":318,"minecraft:polished_andesite_stairs":2,"minecraft:birch_boat":1,"minecraft:quartz":85,"minecraft:dripstone_block":1,"minecraft:gravel":14,"minecraft:amethyst_shard":4,"minecraft:blast_furnace":5,"minecraft:spider_eye":5,"minecraft:leather_helmet":1,"travelersbackpack:standard":2,"minecraft:honey_block":3,"minecraft:short_grass":79,"minecraft:cherry_sapling":93,"minecraft:melon_seeds":8,"minecraft:black_wool":4,"minecraft:coal":294,"minecraft:ender_pearl":11}},"DataVersion":3953}