{"stats":{"minecraft:mined":{"minecraft:tuff":90,"minecraft:dark_oak_leaves":458,"minecraft:deepslate_diamond_ore":72,"minecraft:cherry_log":387,"minecraft:dark_oak_log":188,"minecraft:jungle_leaves":25,"minecraft:obsidian":15,"minecraft:allium":182,"minecraft:cave_vines_plant":26,"minecraft:granite":4,"minecraft:grass_block":121,"minecraft:moss_block":21,"minecraft:redstone_ore":5,"minecraft:magma_block":2,"minecraft:furnace":1,"minecraft:iron_ore":56,"minecraft:cobbled_deepslate":2,"minecraft:moss_carpet":1,"minecraft:deepslate_lapis_ore":2,"minecraft:enchanting_table":1,"minecraft:dirt_path":1,"minecraft:vine":43,"minecraft:cave_vines":11,"minecraft:deepslate_iron_ore":21,"minecraft:cobblestone_slab":73,"minecraft:rail":3,"minecraft:pink_tulip":114,"minecraft:bamboo":23,"minecraft:white_tulip":55,"minecraft:stone":252,"travelersbackpack:spider":4,"minecraft:podzol":78,"minecraft:deepslate_redstone_ore":30,"minecraft:flowering_azalea":1,"minecraft:cherry_planks":1,"minecraft:clay":8,"minecraft:torch":12,"minecraft:short_grass":917,"minecraft:blast_furnace":4,"minecraft:emerald_ore":1,"minecraft:chest":7,"minecraft:tall_grass":12,"minecraft:cobblestone":10,"minecraft:deepslate_gold_ore":44,"minecraft:lapis_ore":4,"minecraft:sugar_cane":1,"minecraft:diorite":3,"minecraft:wall_torch":3,"minecraft:pink_petals":118,"minecraft:cherry_fence":2,"minecraft:cobblestone_wall":1,"minecraft:birch_log":29,"minecraft:birch_leaves":2,"minecraft:coal_ore":41,"minecraft:cherry_leaves":277,"minecraft:dripstone_block":1,"minecraft:dirt":470,"minecraft:small_dripleaf":1,"minecraft:polished_andesite":7,"minecraft:netherrack":19,"minecraft:gold_ore":8,"minecraft:chipped_anvil":1,"minecraft:deepslate":220,"minecraft:fern":307},"minecraft:crafted":{"minecraft:cherry_planks":44,"minecraft:dark_oak_boat":2,"minecraft:furnace":3,"minecraft:iron_boots":1,"minecraft:iron_axe":2,"minecraft:chest":21,"minecraft:dark_oak_planks":268,"minecraft:smoker":3,"minecraft:cooked_beef":16,"minecraft:item_frame":8,"minecraft:diamond_sword":1,"minecraft:cooked_porkchop":1,"minecraft:crafting_table":2,"minecraft:enchanting_table":1,"minecraft:iron_helmet":1,"minecraft:iron_sword":1,"minecraft:air":0,"minecraft:book":1,"minecraft:shield":1,"minecraft:stick":100,"minecraft:iron_ingot":76,"minecraft:iron_block":3,"minecraft:iron_shovel":2,"minecraft:gold_ingot":55,"minecraft:anvil":1,"minecraft:torch":76,"minecraft:shears":3},"minecraft:used":{"minecraft:moss_block":12,"minecraft:netherite_sword":5,"minecraft:white_tulip":8,"minecraft:enchanting_table":1,"minecraft:iron_shovel":735,"minecraft:flint_and_steel":121,"minecraft:chest":20,"minecraft:shield":125,"minecraft:iron_sword":281,"minecraft:netherrack":19,"minecraft:torch":55,"minecraft:dirt":621,"minecraft:anvil":1,"minecraft:cobblestone_wall":1,"minecraft:allium":13,"minecraft:tuff":85,"minecraft:lava_bucket":2,"minecraft:lantern":2,"minecraft:iron_axe":753,"minecraft:grass_block":2,"minecraft:polished_andesite_stairs":1,"minecraft:dark_oak_leaves":77,"minecraft:item_frame":6,"minecraft:bow":22,"minecraft:dark_oak_boat":3,"minecraft:furnace":4,"minecraft:egg":27,"minecraft:cooked_mutton":7,"minecraft:cherry_fence":12,"minecraft:cobbled_deepslate":93,"minecraft:cherry_log":185,"travelersbackpack:spider":10,"minecraft:pink_tulip":6,"minecraft:diorite":3,"minecraft:lead":1,"minecraft:birch_leaves":1,"minecraft:polished_andesite":10,"minecraft:cobblestone_slab":6,"minecraft:cherry_planks":1,"minecraft:glow_berries":30,"minecraft:crafting_table":4,"minecraft:blast_furnace":4,"minecraft:smoker":3,"minecraft:dripstone_block":1,"minecraft:shears":636,"minecraft:diamond_pickaxe":1037,"minecraft:dark_oak_log":18,"minecraft:diamond_sword":434,"minecraft:cobblestone":171,"minecraft:cooked_porkchop":43,"minecraft:bucket":3},"minecraft:killed":{"minecraft:spider":9,"minecraft:skeleton":23,"minecraft:pig":1,"minecraft:wandering_trader":2,"minecraft:creeper":7,"minecraft:sheep":3,"minecraft:trader_llama":4,"minecraft:zombie":31,"minecraft:donkey":4,"minecraft:enderman":5,"minecraft:cow":12},"minecraft:killed_by":{"minecraft:creeper":3,"minecraft:enderman":1,"minecraft:skeleton":7,"minecraft:zombie":3},"minecraft:broken":{"minecraft:iron_shovel":2,"minecraft:shears":2,"minecraft:shield":2,"minecraft:iron_axe":4,"minecraft:iron_sword":1},"minecraft:custom":{"minecraft:interact_with_anvil":1,"minecraft:mob_kills":108,"minecraft:interact_with_crafting_table":30,"minecraft:leave_game":24,"minecraft:time_since_death":0,"minecraft:climb_one_cm":19575,"minecraft:walk_one_cm":838166,"minecraft:sprint_one_cm":844712,"minecraft:damage_blocked_by_shield":6045,"minecraft:drop":60,"minecraft:talked_to_villager":2,"minecraft:play_time":460096,"minecraft:sneak_time":26351,"minecraft:deaths":18,"minecraft:walk_under_water_one_cm":24914,"minecraft:boat_one_cm":155888,"minecraft:jump":5301,"minecraft:interact_with_blast_furnace":15,"minecraft:walk_on_water_one_cm":47333,"minecraft:total_world_time":460096,"minecraft:interact_with_furnace":3,"minecraft:sleep_in_bed":16,"minecraft:time_since_rest":216,"minecraft:damage_taken":8455,"minecraft:damage_dealt":18352,"minecraft:swim_one_cm":46695,"minecraft:fly_one_cm":1159650,"minecraft:open_chest":240,"minecraft:crouch_one_cm":79874,"minecraft:interact_with_smoker":4,"minecraft:fall_one_cm":150107},"minecraft:dropped":{"minecraft:vine":3,"minecraft:moss_block":5,"minecraft:short_grass":76,"minecraft:wheat_seeds":5,"minecraft:dark_oak_sapling":11,"minecraft:cooked_porkchop":64,"minecraft:glow_berries":4,"minecraft:cobblestone":171,"minecraft:granite":4,"minecraft:grass_block":1,"minecraft:polished_andesite":2,"minecraft:dirt":20,"minecraft:dark_oak_leaves":205,"minecraft:torch":29,"minecraft:cherry_leaves":163,"travelersbackpack:spider":2,"minecraft:wooden_sword":1,"minecraft:jungle_leaves":16,"minecraft:polished_andesite_stairs":2,"minecraft:flowering_azalea":3,"minecraft:iron_pickaxe":3,"minecraft:smooth_stone":2,"minecraft:string":1,"minecraft:dark_oak_planks":70,"minecraft:pink_petals":5,"minecraft:pink_tulip":7,"minecraft:moss_carpet":3,"minecraft:birch_sapling":2,"minecraft:cherry_sapling":3,"minecraft:rotten_flesh":2,"minecraft:light_gray_wool":1,"minecraft:oak_planks":2,"minecraft:fern":7,"minecraft:allium":2,"minecraft:spruce_planks":2,"minecraft:andesite":4,"minecraft:azalea":3,"minecraft:arrow":4},"minecraft:picked_up":{"minecraft:iron_chestplate":1,"minecraft:crafting_table":4,"minecraft:allium":176,"minecraft:ominous_bottle":1,"minecraft:clay_ball":52,"minecraft:lead":23,"minecraft:gold_block":1,"travelersbackpack:spider":6,"minecraft:shield":3,"minecraft:string":30,"minecraft:moss_carpet":6,"minecraft:raw_copper":171,"minecraft:iron_axe":1,"minecraft:wooden_sword":2,"minecraft:flint_and_steel":1,"minecraft:cherry_pressure_plate":7,"minecraft:item_frame":1,"minecraft:iron_shovel":1,"minecraft:activator_rail":4,"minecraft:cobbled_deepslate":276,"minecraft:gold_nugget":18,"minecraft:smooth_stone":2,"minecraft:bucket":1,"minecraft:dark_oak_leaves":483,"minecraft:spruce_planks":2,"minecraft:beef":30,"minecraft:white_tulip":57,"minecraft:cobblestone_slab":243,"minecraft:azalea":6,"minecraft:iron_nugget":7,"minecraft:iron_pickaxe":7,"minecraft:light_gray_wool":1,"minecraft:sugar_cane":6,"minecraft:chest":10,"minecraft:birch_sapling":2,"minecraft:cherry_button":30,"minecraft:furnace":1,"minecraft:iron_boots":1,"minecraft:egg":8,"minecraft:dark_oak_sapling":21,"minecraft:raw_iron":87,"minecraft:stick":122,"minecraft:cherry_stairs":6,"minecraft:oak_fence":6,"minecraft:torch":120,"minecraft:fire_charge":2,"minecraft:porkchop":7,"minecraft:cherry_log":438,"minecraft:diorite":3,"minecraft:vine":3,"minecraft:redstone":154,"minecraft:dark_oak_planks":6,"minecraft:arrow":51,"minecraft:rotten_flesh":128,"minecraft:tropical_fish":14,"minecraft:shears":3,"minecraft:pink_tulip":132,"minecraft:gold_ingot":9,"minecraft:mutton":3,"minecraft:glow_berries":28,"minecraft:obsidian":28,"minecraft:rail":10,"minecraft:white_wool":11,"minecraft:cobblestone":838,"minecraft:birch_log":78,"minecraft:enchanting_table":1,"minecraft:pink_petals":260,"minecraft:birch_leaves":1,"minecraft:magma_block":4,"minecraft:cherry_planks":7,"minecraft:cherry_leaves":299,"minecraft:glow_ink_sac":4,"minecraft:water_bucket":2,"minecraft:andesite":4,"minecraft:leather":25,"minecraft:golden_leggings":1,"minecraft:fern":5,"minecraft:dark_oak_boat":1,"minecraft:potato":1,"minecraft:birch_planks":4,"minecraft:flint":9,"minecraft:tuff":86,"minecraft:cherry_fence":2,"minecraft:cobblestone_wall":27,"minecraft:gunpowder":10,"minecraft:cobblestone_stairs":8,"travelersbackpack:gold_tier_upgrade":1,"minecraft:cherry_door":4,"minecraft:lapis_lazuli":82,"minecraft:dirt":769,"minecraft:paper":4,"minecraft:lantern":10,"minecraft:white_banner":1,"minecraft:name_tag":1,"minecraft:glass":5,"minecraft:bone":45,"minecraft:chipped_anvil":1,"minecraft:apple":3,"minecraft:bow":1,"minecraft:wheat_seeds":164,"minecraft:raw_gold":89,"minecraft:iron_ingot":28,"minecraft:bamboo":310,"minecraft:powered_rail":2,"minecraft:moss_block":27,"minecraft:oak_planks":4,"minecraft:flowering_azalea":5,"minecraft:polished_andesite_stairs":2,"minecraft:cooked_porkchop":128,"minecraft:dripstone_block":1,"minecraft:blast_furnace":5,"minecraft:grass_block":3,"minecraft:dark_oak_log":351,"minecraft:spider_eye":3,"minecraft:jungle_leaves":32,"travelersbackpack:standard":1,"minecraft:polished_andesite":10,"minecraft:diamond":109,"minecraft:honey_block":3,"minecraft:short_grass":76,"minecraft:granite":8,"minecraft:cherry_sapling":93,"minecraft:golden_apple":1,"minecraft:emerald":2,"minecraft:netherrack":19,"minecraft:cherry_slab":2,"minecraft:melon_seeds":6,"minecraft:coal":229,"minecraft:diamond_pickaxe":1,"minecraft:ender_pearl":7}},"DataVersion":3953}