{"stats":{"minecraft:broken":{"minecraft:wooden_axe":1,"minecraft:stone_axe":1},"minecraft:killed_by":{"minecraft:skeleton":6,"minecraft:creeper":1,"minecraft:spider":1,"minecraft:zombie":4},"minecraft:custom":{"minecraft:time_since_rest":3360,"minecraft:sprint_one_cm":96269,"minecraft:damage_taken":3375,"minecraft:walk_one_cm":47592,"minecraft:mob_kills":11,"minecraft:damage_dealt":2250,"minecraft:swim_one_cm":8748,"minecraft:interact_with_crafting_table":6,"minecraft:fly_one_cm":136336,"minecraft:crouch_one_cm":3964,"minecraft:play_time":61396,"minecraft:deaths":12,"minecraft:sneak_time":1800,"minecraft:walk_under_water_one_cm":1633,"minecraft:jump":607,"minecraft:leave_game":1,"minecraft:walk_on_water_one_cm":3146,"minecraft:time_since_death":3331,"minecraft:total_world_time":61396,"minecraft:fall_one_cm":29805},"minecraft:mined":{"minecraft:large_fern":2,"minecraft:brown_mushroom":1,"minecraft:iron_ore":2,"minecraft:spruce_log":141,"minecraft:crafting_table":4,"minecraft:coal_ore":51,"minecraft:spruce_leaves":1,"minecraft:stone":31},"minecraft:killed":{"minecraft:sheep":1,"minecraft:skeleton":2,"minecraft:zombie":6,"minecraft:spider":1,"minecraft:creeper":1},"minecraft:crafted":{"minecraft:crafting_table":3,"minecraft:stick":68,"minecraft:spruce_planks":128,"minecraft:wooden_pickaxe":1,"minecraft:stone_pickaxe":1,"minecraft:wooden_axe":1,"minecraft:stone_sword":1,"minecraft:spruce_boat":1,"minecraft:torch":64,"minecraft:stone_axe":1},"minecraft:used":{"minecraft:wooden_axe":53,"minecraft:stone_sword":19,"minecraft:stone_pickaxe":81,"minecraft:wooden_pickaxe":5,"minecraft:stone_axe":123,"minecraft:torch":30,"minecraft:crafting_table":5,"minecraft:spruce_log":4},"minecraft:picked_up":{"minecraft:wooden_axe":1,"minecraft:raw_iron":2,"minecraft:stick":15,"minecraft:crafting_table":5,"minecraft:sandstone":4,"minecraft:brown_mushroom":1,"minecraft:wooden_pickaxe":2,"minecraft:sand":21,"minecraft:spruce_sapling":37,"minecraft:spruce_log":196,"minecraft:gunpowder":6,"minecraft:spider_eye":1,"minecraft:string":1,"minecraft:arrow":2,"minecraft:rotten_flesh":9,"minecraft:wheat_seeds":3,"minecraft:mutton":1,"minecraft:coal":51,"minecraft:white_wool":1,"minecraft:cobblestone":31}},"DataVersion":3953}