{"stats":{"minecraft:mined":{"minecraft:tuff":21,"minecraft:dark_oak_leaves":427,"minecraft:deepslate_diamond_ore":31,"minecraft:cherry_log":387,"minecraft:dark_oak_log":188,"minecraft:jungle_leaves":25,"minecraft:obsidian":15,"minecraft:allium":2,"minecraft:cave_vines_plant":18,"minecraft:granite":4,"minecraft:grass_block":2,"minecraft:moss_block":14,"minecraft:magma_block":2,"minecraft:furnace":1,"minecraft:iron_ore":56,"minecraft:cobbled_deepslate":1,"minecraft:moss_carpet":1,"minecraft:deepslate_lapis_ore":2,"minecraft:enchanting_table":1,"minecraft:vine":11,"minecraft:cave_vines":10,"minecraft:deepslate_iron_ore":18,"minecraft:cobblestone_slab":73,"minecraft:rail":3,"minecraft:pink_tulip":1,"minecraft:bamboo":21,"minecraft:stone":214,"travelersbackpack:spider":3,"minecraft:cherry_planks":1,"minecraft:clay":4,"minecraft:torch":8,"minecraft:short_grass":24,"minecraft:blast_furnace":4,"minecraft:emerald_ore":1,"minecraft:chest":7,"minecraft:tall_grass":12,"minecraft:cobblestone":9,"minecraft:deepslate_gold_ore":33,"minecraft:sugar_cane":1,"minecraft:diorite":3,"minecraft:wall_torch":1,"minecraft:pink_petals":2,"minecraft:cherry_fence":1,"minecraft:cobblestone_wall":1,"minecraft:birch_log":29,"minecraft:birch_leaves":2,"minecraft:coal_ore":32,"minecraft:cherry_leaves":269,"minecraft:dripstone_block":1,"minecraft:dirt":13,"minecraft:small_dripleaf":1,"minecraft:polished_andesite":4,"minecraft:netherrack":19,"minecraft:gold_ore":8,"minecraft:chipped_anvil":1,"minecraft:deepslate":50,"minecraft:fern":10},"minecraft:killed_by":{"minecraft:creeper":3,"minecraft:skeleton":6,"minecraft:zombie":2},"minecraft:dropped":{"minecraft:moss_block":5,"minecraft:vine":3,"minecraft:short_grass":76,"minecraft:wheat_seeds":5,"minecraft:dark_oak_sapling":11,"minecraft:cooked_porkchop":64,"minecraft:glow_berries":4,"minecraft:cobblestone":171,"minecraft:granite":4,"minecraft:grass_block":1,"minecraft:polished_andesite":2,"minecraft:dirt":20,"minecraft:dark_oak_leaves":205,"minecraft:torch":29,"minecraft:cherry_leaves":163,"travelersbackpack:spider":1,"minecraft:jungle_leaves":16,"minecraft:polished_andesite_stairs":2,"minecraft:flowering_azalea":2,"minecraft:wooden_sword":1,"minecraft:iron_pickaxe":3,"minecraft:smooth_stone":2,"minecraft:dark_oak_planks":70,"minecraft:string":1,"minecraft:pink_petals":5,"minecraft:pink_tulip":7,"minecraft:moss_carpet":3,"minecraft:birch_sapling":2,"minecraft:cherry_sapling":3,"minecraft:rotten_flesh":2,"minecraft:oak_planks":2,"minecraft:light_gray_wool":1,"minecraft:fern":7,"minecraft:allium":2,"minecraft:spruce_planks":2,"minecraft:andesite":4,"minecraft:azalea":3,"minecraft:arrow":4},"minecraft:broken":{"minecraft:shears":2,"minecraft:shield":2,"minecraft:iron_axe":4,"minecraft:iron_sword":1},"minecraft:custom":{"minecraft:interact_with_anvil":1,"minecraft:mob_kills":81,"minecraft:interact_with_crafting_table":25,"minecraft:leave_game":21,"minecraft:time_since_death":106148,"minecraft:climb_one_cm":18467,"minecraft:sprint_one_cm":550704,"minecraft:walk_one_cm":560429,"minecraft:damage_blocked_by_shield":5205,"minecraft:drop":58,"minecraft:talked_to_villager":1,"minecraft:play_time":337942,"minecraft:sneak_time":18164,"minecraft:deaths":15,"minecraft:walk_under_water_one_cm":21992,"minecraft:boat_one_cm":155888,"minecraft:jump":4002,"minecraft:interact_with_blast_furnace":14,"minecraft:walk_on_water_one_cm":39820,"minecraft:total_world_time":337942,"minecraft:interact_with_furnace":3,"minecraft:sleep_in_bed":12,"minecraft:time_since_rest":73747,"minecraft:damage_taken":6981,"minecraft:damage_dealt":14109,"minecraft:swim_one_cm":46385,"minecraft:fly_one_cm":970386,"minecraft:open_chest":204,"minecraft:crouch_one_cm":54977,"minecraft:interact_with_smoker":4,"minecraft:fall_one_cm":120315},"minecraft:killed":{"minecraft:spider":9,"minecraft:skeleton":17,"minecraft:pig":1,"minecraft:wandering_trader":1,"minecraft:creeper":3,"minecraft:trader_llama":2,"minecraft:zombie":25,"minecraft:donkey":4,"minecraft:enderman":2,"minecraft:cow":12},"minecraft:used":{"minecraft:moss_block":9,"minecraft:netherite_sword":5,"minecraft:enchanting_table":1,"minecraft:iron_shovel":3,"minecraft:flint_and_steel":121,"minecraft:chest":20,"minecraft:shield":111,"minecraft:iron_sword":281,"minecraft:netherrack":19,"minecraft:torch":52,"minecraft:dirt":71,"minecraft:anvil":1,"minecraft:cobblestone_wall":1,"minecraft:tuff":20,"minecraft:lantern":2,"minecraft:iron_axe":752,"minecraft:grass_block":2,"minecraft:polished_andesite_stairs":1,"minecraft:dark_oak_leaves":77,"minecraft:item_frame":6,"minecraft:dark_oak_boat":3,"minecraft:furnace":4,"minecraft:egg":24,"minecraft:cobbled_deepslate":40,"minecraft:cherry_fence":11,"minecraft:cherry_log":185,"minecraft:cooked_mutton":7,"travelersbackpack:spider":8,"minecraft:diorite":3,"minecraft:lead":1,"minecraft:birch_leaves":1,"minecraft:polished_andesite":7,"minecraft:cobblestone_slab":6,"minecraft:cherry_planks":1,"minecraft:glow_berries":26,"minecraft:crafting_table":4,"minecraft:blast_furnace":4,"minecraft:smoker":3,"minecraft:dripstone_block":1,"minecraft:shears":636,"minecraft:diamond_pickaxe":640,"minecraft:dark_oak_log":18,"minecraft:cobblestone":166,"minecraft:cooked_porkchop":30},"minecraft:crafted":{"minecraft:cherry_planks":44,"minecraft:dark_oak_boat":2,"minecraft:furnace":3,"minecraft:iron_boots":1,"minecraft:iron_axe":2,"minecraft:chest":21,"minecraft:dark_oak_planks":268,"minecraft:smoker":3,"minecraft:cooked_beef":16,"minecraft:item_frame":8,"minecraft:cooked_porkchop":1,"minecraft:crafting_table":2,"minecraft:enchanting_table":1,"minecraft:iron_helmet":1,"minecraft:iron_sword":1,"minecraft:air":0,"minecraft:book":1,"minecraft:shield":1,"minecraft:stick":100,"minecraft:iron_ingot":76,"minecraft:iron_block":3,"minecraft:gold_ingot":34,"minecraft:anvil":1,"minecraft:torch":76,"minecraft:shears":3},"minecraft:picked_up":{"minecraft:iron_chestplate":1,"minecraft:crafting_table":4,"minecraft:allium":35,"minecraft:ominous_bottle":1,"minecraft:clay_ball":36,"minecraft:lead":18,"minecraft:gold_block":1,"travelersbackpack:spider":4,"minecraft:shield":2,"minecraft:string":30,"minecraft:moss_carpet":6,"minecraft:raw_copper":171,"minecraft:iron_axe":1,"minecraft:wooden_sword":2,"minecraft:flint_and_steel":1,"minecraft:cherry_pressure_plate":7,"minecraft:item_frame":1,"minecraft:iron_shovel":1,"minecraft:activator_rail":4,"minecraft:cobbled_deepslate":109,"minecraft:gold_nugget":18,"minecraft:smooth_stone":2,"minecraft:bucket":1,"minecraft:dark_oak_leaves":483,"minecraft:spruce_planks":2,"minecraft:beef":30,"minecraft:white_tulip":7,"minecraft:cobblestone_slab":243,"minecraft:azalea":6,"minecraft:iron_nugget":7,"minecraft:iron_pickaxe":7,"minecraft:light_gray_wool":1,"minecraft:birch_sapling":2,"minecraft:sugar_cane":6,"minecraft:chest":10,"minecraft:cherry_button":30,"minecraft:furnace":1,"minecraft:iron_boots":1,"minecraft:egg":4,"minecraft:dark_oak_sapling":19,"minecraft:stick":122,"minecraft:raw_iron":84,"minecraft:cherry_stairs":6,"minecraft:oak_fence":6,"minecraft:torch":111,"minecraft:fire_charge":2,"minecraft:porkchop":7,"minecraft:cherry_log":438,"minecraft:diorite":3,"minecraft:vine":3,"minecraft:dark_oak_planks":6,"minecraft:arrow":42,"minecraft:rotten_flesh":121,"minecraft:tropical_fish":14,"minecraft:shears":3,"minecraft:pink_tulip":25,"minecraft:gold_ingot":9,"minecraft:glow_berries":24,"minecraft:obsidian":28,"minecraft:rail":10,"minecraft:white_wool":8,"minecraft:cobblestone":799,"minecraft:birch_log":78,"minecraft:enchanting_table":1,"minecraft:pink_petals":18,"minecraft:magma_block":4,"minecraft:birch_leaves":1,"minecraft:cherry_planks":7,"minecraft:cherry_leaves":299,"minecraft:glow_ink_sac":4,"minecraft:water_bucket":2,"minecraft:andesite":4,"minecraft:fern":5,"minecraft:dark_oak_boat":1,"minecraft:leather":22,"minecraft:golden_leggings":1,"minecraft:potato":1,"minecraft:birch_planks":4,"minecraft:flint":9,"minecraft:tuff":20,"minecraft:cherry_fence":1,"minecraft:cobblestone_wall":27,"minecraft:gunpowder":6,"minecraft:cobblestone_stairs":8,"travelersbackpack:gold_tier_upgrade":1,"minecraft:lantern":10,"minecraft:cherry_door":4,"minecraft:lapis_lazuli":60,"minecraft:dirt":103,"minecraft:paper":4,"minecraft:white_banner":1,"minecraft:name_tag":1,"minecraft:glass":5,"minecraft:bone":42,"minecraft:chipped_anvil":1,"minecraft:apple":3,"minecraft:bow":1,"minecraft:wheat_seeds":34,"minecraft:raw_gold":78,"minecraft:iron_ingot":28,"minecraft:bamboo":294,"minecraft:powered_rail":2,"minecraft:moss_block":19,"minecraft:oak_planks":4,"minecraft:flowering_azalea":4,"minecraft:polished_andesite_stairs":2,"minecraft:cooked_porkchop":128,"minecraft:dripstone_block":1,"minecraft:blast_furnace":5,"minecraft:grass_block":3,"minecraft:dark_oak_log":351,"minecraft:spider_eye":3,"minecraft:jungle_leaves":32,"travelersbackpack:standard":1,"minecraft:polished_andesite":7,"minecraft:diamond":68,"minecraft:honey_block":3,"minecraft:short_grass":76,"minecraft:granite":8,"minecraft:cherry_sapling":92,"minecraft:golden_apple":1,"minecraft:emerald":2,"minecraft:melon_seeds":6,"minecraft:cherry_slab":2,"minecraft:netherrack":19,"minecraft:coal":220,"minecraft:diamond_pickaxe":1,"minecraft:ender_pearl":5}},"DataVersion":3953}