{"stats":{"minecraft:picked_up":{"minecraft:iron_chestplate":1,"minecraft:flower_pot":2,"minecraft:lead":23,"travelersbackpack:spider":8,"minecraft:amethyst_block":156,"minecraft:string":53,"minecraft:raw_copper":171,"minecraft:cherry_pressure_plate":7,"minecraft:activator_rail":4,"minecraft:cobbled_deepslate":505,"minecraft:gold_nugget":19,"minecraft:smooth_stone":21,"minecraft:bucket":1,"minecraft:dark_oak_leaves":483,"minecraft:spruce_planks":2,"minecraft:white_tulip":59,"minecraft:cobblestone_slab":244,"minecraft:calcite":9,"minecraft:azalea":9,"minecraft:iron_pickaxe":7,"minecraft:azalea_leaves":12,"minecraft:iron_boots":1,"minecraft:furnace":1,"minecraft:stick":174,"minecraft:big_dripleaf":4,"minecraft:oak_fence":6,"minecraft:torch":147,"minecraft:porkchop":7,"minecraft:cherry_log":504,"minecraft:diorite":3,"minecraft:vine":4,"minecraft:golden_chestplate":1,"minecraft:rotten_flesh":161,"minecraft:tropical_fish":15,"minecraft:obsidian":34,"minecraft:cobblestone":1124,"minecraft:birch_log":113,"minecraft:enchanting_table":1,"minecraft:pink_petals":363,"minecraft:magma_block":4,"minecraft:cherry_planks":7,"minecraft:cherry_leaves":340,"minecraft:water_bucket":2,"minecraft:andesite":4,"minecraft:dark_oak_boat":6,"minecraft:brown_wool":2,"minecraft:golden_leggings":1,"minecraft:potato":2,"minecraft:flint":10,"minecraft:tuff":95,"minecraft:cherry_fence":3,"minecraft:lantern":32,"travelersbackpack:gold_tier_upgrade":1,"minecraft:cherry_door":4,"minecraft:lapis_lazuli":82,"minecraft:dirt":1355,"minecraft:name_tag":1,"minecraft:glass":5,"minecraft:bone":72,"minecraft:chipped_anvil":1,"minecraft:bow":1,"minecraft:wheat_seeds":171,"minecraft:raw_gold":210,"minecraft:bamboo":310,"minecraft:powered_rail":2,"minecraft:moss_block":39,"minecraft:oak_planks":4,"minecraft:cooked_porkchop":128,"minecraft:sand":43,"minecraft:grass_block":7,"minecraft:dark_oak_log":479,"minecraft:mossy_cobblestone":4,"minecraft:jungle_leaves":32,"minecraft:polished_andesite":13,"minecraft:diamond":241,"minecraft:granite":8,"minecraft:golden_apple":1,"minecraft:emerald":2,"minecraft:netherrack":31,"minecraft:cherry_slab":115,"minecraft:diamond_pickaxe":2,"minecraft:mud":6,"minecraft:coarse_dirt":4,"minecraft:crafting_table":5,"minecraft:allium":183,"minecraft:ominous_bottle":2,"minecraft:clay_ball":84,"minecraft:gold_block":2,"minecraft:stripped_cherry_log":33,"minecraft:chain":2,"minecraft:shield":3,"minecraft:moss_carpet":12,"minecraft:iron_axe":1,"minecraft:wooden_sword":2,"minecraft:flint_and_steel":1,"minecraft:item_frame":1,"minecraft:iron_shovel":1,"minecraft:beef":63,"minecraft:spruce_slab":1,"minecraft:jungle_sapling":1,"minecraft:observer":8,"minecraft:iron_nugget":7,"minecraft:light_gray_wool":5,"minecraft:sugar_cane":37,"minecraft:chest":10,"minecraft:birch_sapling":4,"minecraft:cherry_button":30,"minecraft:cherry_trapdoor":4,"minecraft:piston":6,"minecraft:egg":16,"minecraft:dark_oak_sapling":59,"minecraft:raw_iron":272,"minecraft:cherry_stairs":6,"minecraft:flowering_azalea_leaves":16,"minecraft:fire_charge":2,"minecraft:redstone":165,"minecraft:dark_oak_planks":6,"minecraft:arrow":78,"minecraft:shears":3,"minecraft:pink_tulip":144,"minecraft:gold_ingot":9,"minecraft:glow_berries":68,"minecraft:mutton":64,"minecraft:white_wool":40,"minecraft:rail":10,"minecraft:birch_leaves":1,"minecraft:glow_ink_sac":14,"minecraft:leather":41,"minecraft:fern":6,"minecraft:birch_planks":4,"minecraft:golden_boots":1,"minecraft:gunpowder":20,"minecraft:cobblestone_wall":27,"minecraft:cobblestone_stairs":9,"minecraft:paper":4,"minecraft:white_banner":2,"minecraft:apple":4,"minecraft:spore_blossom":5,"minecraft:iron_ingot":30,"minecraft:flowering_azalea":7,"minecraft:book":12,"minecraft:scaffolding":318,"minecraft:polished_andesite_stairs":2,"minecraft:quartz":85,"minecraft:dripstone_block":1,"minecraft:gravel":14,"minecraft:amethyst_shard":4,"minecraft:blast_furnace":5,"minecraft:spider_eye":4,"travelersbackpack:standard":2,"minecraft:honey_block":3,"minecraft:short_grass":79,"minecraft:cherry_sapling":93,"minecraft:black_wool":4,"minecraft:melon_seeds":6,"minecraft:coal":294,"minecraft:ender_pearl":11},"minecraft:killed_by":{"minecraft:creeper":5,"minecraft:zombie":6,"minecraft:spider":1,"minecraft:enderman":2,"minecraft:skeleton":7},"minecraft:broken":{"minecraft:iron_shovel":4,"minecraft:golden_boots":1,"minecraft:shears":3,"minecraft:iron_sword":1,"minecraft:shield":2,"minecraft:iron_axe":5,"minecraft:iron_helmet":1},"minecraft:dropped":{"minecraft:moss_block":13,"minecraft:short_grass":76,"minecraft:dark_oak_sapling":11,"minecraft:cooked_porkchop":64,"minecraft:glow_berries":4,"minecraft:dirt":21,"minecraft:dark_oak_log":1,"minecraft:cherry_leaves":163,"minecraft:wooden_sword":1,"minecraft:iron_pickaxe":3,"minecraft:dark_oak_planks":70,"minecraft:birch_sapling":2,"minecraft:cherry_sapling":3,"minecraft:rotten_flesh":2,"minecraft:oak_planks":2,"minecraft:fern":7,"minecraft:azalea":5,"minecraft:arrow":4,"minecraft:netherrack":3,"minecraft:vine":3,"minecraft:wheat_seeds":8,"minecraft:cobblestone":195,"minecraft:granite":4,"minecraft:grass_block":1,"minecraft:polished_andesite":2,"minecraft:dark_oak_leaves":205,"minecraft:torch":29,"travelersbackpack:spider":2,"minecraft:jungle_leaves":16,"minecraft:polished_andesite_stairs":2,"minecraft:flowering_azalea":3,"minecraft:smooth_stone":2,"minecraft:string":11,"minecraft:pink_petals":5,"minecraft:pink_tulip":7,"minecraft:moss_carpet":6,"minecraft:light_gray_wool":1,"minecraft:allium":2,"minecraft:spruce_planks":2,"minecraft:diamond_pickaxe":1,"minecraft:andesite":4,"minecraft:stripped_cherry_log":1},"minecraft:custom":{"minecraft:interact_with_crafting_table":76,"minecraft:leave_game":30,"minecraft:time_since_death":77152,"minecraft:sprint_one_cm":1669818,"minecraft:damage_blocked_by_shield":7365,"minecraft:drop":72,"minecraft:talked_to_villager":5,"minecraft:play_time":906557,"minecraft:deaths":29,"minecraft:jump":12397,"minecraft:walk_on_water_one_cm":116190,"minecraft:interact_with_furnace":51,"minecraft:sleep_in_bed":35,"minecraft:damage_dealt":44750,"minecraft:crouch_one_cm":142176,"minecraft:interact_with_smoker":9,"minecraft:interact_with_anvil":1,"minecraft:mob_kills":271,"minecraft:climb_one_cm":85169,"minecraft:walk_one_cm":1682860,"minecraft:sneak_time":53418,"minecraft:walk_under_water_one_cm":44510,"minecraft:boat_one_cm":591917,"minecraft:interact_with_blast_furnace":50,"minecraft:total_world_time":906557,"minecraft:pot_flower":10,"minecraft:time_since_rest":10070,"minecraft:damage_taken":17439,"minecraft:swim_one_cm":60157,"minecraft:fly_one_cm":2308187,"minecraft:open_chest":433,"minecraft:fall_one_cm":369103},"minecraft:crafted":{"minecraft:brick":24,"minecraft:smooth_stone":18,"minecraft:dark_oak_boat":2,"minecraft:cherry_slab":288,"minecraft:chain":32,"minecraft:stone":43,"minecraft:diamond_shovel":1,"minecraft:bookshelf":8,"minecraft:glass":43,"minecraft:hopper":8,"minecraft:diamond_helmet":1,"minecraft:diamond_leggings":1,"minecraft:iron_boots":1,"minecraft:chest":31,"minecraft:cherry_fence":12,"minecraft:flower_pot":8,"minecraft:golden_boots":1,"minecraft:smoker":3,"minecraft:glass_bottle":3,"minecraft:item_frame":8,"minecraft:cooked_porkchop":6,"minecraft:diamond_axe":1,"minecraft:crafting_table":2,"minecraft:iron_helmet":1,"minecraft:book":15,"minecraft:paper":18,"minecraft:shield":1,"minecraft:stick":100,"minecraft:iron_ingot":264,"minecraft:iron_block":3,"minecraft:gold_ingot":167,"minecraft:shears":3,"minecraft:cherry_planks":236,"minecraft:iron_nugget":432,"minecraft:furnace":3,"minecraft:piston":6,"minecraft:bone_meal":159,"minecraft:scaffolding":108,"minecraft:cherry_trapdoor":12,"minecraft:lantern":46,"minecraft:iron_axe":2,"minecraft:diamond_boots":1,"minecraft:dark_oak_planks":504,"minecraft:observer":6,"minecraft:cooked_beef":23,"minecraft:diamond_sword":1,"minecraft:enchanting_table":1,"minecraft:iron_sword":1,"minecraft:dark_oak_button":5,"minecraft:bucket":5,"minecraft:air":0,"minecraft:gold_nugget":2,"minecraft:iron_shovel":3,"minecraft:anvil":1,"minecraft:torch":164,"minecraft:diamond_chestplate":1},"minecraft:killed":{"minecraft:spider":15,"minecraft:skeleton":50,"minecraft:pig":1,"minecraft:zombie_villager":1,"minecraft:creeper":16,"minecraft:sheep":42,"minecraft:trader_llama":4,"minecraft:pillager":5,"minecraft:zombie":70,"minecraft:donkey":4,"minecraft:glow_squid":1,"minecraft:cow":30,"minecraft:horse":2,"minecraft:wandering_trader":2,"minecraft:enderman":15},"minecraft:used":{"minecraft:moss_block":18,"minecraft:moss_carpet":3,"minecraft:iron_shovel":987,"minecraft:chest":22,"minecraft:shield":150,"minecraft:iron_sword":281,"minecraft:allium":13,"minecraft:tuff":95,"minecraft:obsidian":18,"minecraft:big_dripleaf":4,"minecraft:glass":21,"minecraft:lava_bucket":4,"minecraft:lantern":58,"minecraft:grass_block":5,"minecraft:polished_andesite_stairs":1,"minecraft:dark_oak_leaves":77,"minecraft:cherry_leaves":41,"minecraft:item_frame":6,"minecraft:golden_sword":2,"minecraft:bow":35,"minecraft:dark_oak_boat":8,"minecraft:scaffolding":320,"minecraft:furnace":4,"minecraft:egg":27,"travelersbackpack:spider":15,"minecraft:diorite":3,"minecraft:birch_leaves":1,"minecraft:sugar_cane":16,"minecraft:diamond_axe":751,"minecraft:glow_berries":69,"minecraft:blast_furnace":4,"minecraft:dripstone_block":1,"minecraft:shears":718,"minecraft:dark_oak_log":18,"minecraft:gravel":3,"minecraft:flowering_azalea_leaves":4,"minecraft:diamond_sword":769,"minecraft:chain":33,"minecraft:stripped_cherry_log":32,"minecraft:air":6,"minecraft:bone_meal":16,"minecraft:azalea":1,"minecraft:netherite_sword":5,"minecraft:enchanting_table":1,"minecraft:white_tulip":8,"minecraft:flint_and_steel":122,"minecraft:redstone":12,"minecraft:netherrack":28,"minecraft:torch":159,"minecraft:dirt":1288,"minecraft:anvil":1,"minecraft:hopper":8,"minecraft:cobblestone_wall":11,"minecraft:dark_oak_planks":10,"minecraft:bookshelf":8,"minecraft:iron_axe":850,"minecraft:cherry_slab":211,"minecraft:cherry_trapdoor":16,"minecraft:cherry_fence":23,"minecraft:cobbled_deepslate":313,"minecraft:observer":14,"minecraft:cherry_log":205,"minecraft:cooked_mutton":7,"minecraft:water_bucket":178,"minecraft:pink_tulip":6,"minecraft:amethyst_block":125,"minecraft:lead":1,"minecraft:glass_bottle":6,"minecraft:polished_andesite":13,"minecraft:cherry_planks":1,"minecraft:cobblestone_slab":35,"minecraft:mossy_cobblestone":4,"minecraft:crafting_table":4,"minecraft:smoker":3,"minecraft:mud":6,"minecraft:piston":12,"minecraft:flower_pot":10,"minecraft:diamond_pickaxe":2501,"minecraft:diamond_shovel":250,"minecraft:pink_petals":300,"minecraft:cobblestone":305,"minecraft:potion":6,"minecraft:cooked_porkchop":116,"minecraft:bucket":187,"minecraft:smooth_stone":37},"minecraft:mined":{"minecraft:large_amethyst_bud":1,"minecraft:cobblestone_stairs":1,"minecraft:cherry_log":478,"minecraft:jungle_leaves":25,"minecraft:obsidian":21,"minecraft:cherry_trapdoor":4,"minecraft:cave_vines_plant":83,"minecraft:granite":4,"minecraft:budding_amethyst":13,"minecraft:grass_block":341,"minecraft:smooth_stone":19,"minecraft:magma_block":2,"minecraft:iron_ore":104,"minecraft:cobbled_deepslate":30,"minecraft:moss_carpet":1,"minecraft:deepslate_lapis_ore":2,"minecraft:enchanting_table":1,"minecraft:cave_vines":78,"minecraft:flowering_azalea_leaves":16,"minecraft:dirt_path":1,"minecraft:small_amethyst_bud":1,"minecraft:pink_tulip":126,"minecraft:azalea_leaves":12,"minecraft:azalea":1,"minecraft:spruce_slab":1,"minecraft:deepslate_redstone_ore":30,"minecraft:medium_amethyst_bud":2,"minecraft:soul_fire":6,"minecraft:amethyst_cluster":1,"minecraft:clay":12,"minecraft:torch":27,"minecraft:blast_furnace":4,"minecraft:calcite":9,"minecraft:chest":7,"minecraft:glass":3,"minecraft:nether_quartz_ore":85,"minecraft:cobblestone":27,"minecraft:sugar_cane":19,"minecraft:wall_torch":8,"minecraft:amethyst_block":157,"minecraft:cherry_slab":102,"minecraft:pink_petals":175,"minecraft:chain":2,"minecraft:cherry_fence":3,"minecraft:mud":12,"minecraft:birch_log":64,"minecraft:sand":43,"minecraft:dirt":679,"minecraft:netherrack":31,"minecraft:piston":6,"minecraft:deepslate":409,"minecraft:tuff":94,"minecraft:mossy_cobblestone":4,"minecraft:dark_oak_leaves":466,"minecraft:deepslate_diamond_ore":204,"minecraft:stripped_cherry_log":32,"minecraft:dark_oak_log":335,"minecraft:glow_lichen":1,"minecraft:cobbled_deepslate_slab":1,"minecraft:allium":216,"minecraft:moss_block":34,"minecraft:spore_blossom":5,"minecraft:redstone_ore":6,"minecraft:furnace":1,"minecraft:gold_block":1,"minecraft:bookshelf":4,"minecraft:deepslate_iron_ore":158,"minecraft:cobblestone_slab":74,"minecraft:vine":60,"minecraft:rail":3,"minecraft:lantern":22,"minecraft:bamboo":23,"minecraft:stone":493,"minecraft:white_tulip":59,"travelersbackpack:spider":6,"minecraft:podzol":172,"minecraft:scaffolding":96,"minecraft:flowering_azalea":1,"minecraft:cherry_planks":1,"minecraft:observer":8,"minecraft:crafting_table":1,"minecraft:short_grass":1054,"minecraft:emerald_ore":1,"minecraft:tall_grass":23,"minecraft:deepslate_gold_ore":160,"minecraft:lapis_ore":4,"minecraft:diorite":3,"minecraft:big_dripleaf":4,"minecraft:coarse_dirt":4,"minecraft:cobblestone_wall":1,"minecraft:birch_leaves":3,"minecraft:coal_ore":106,"minecraft:cherry_leaves":372,"minecraft:dripstone_block":1,"minecraft:cobweb":2,"minecraft:potted_white_tulip":2,"minecraft:polished_andesite":10,"minecraft:small_dripleaf":1,"minecraft:chipped_anvil":1,"minecraft:gold_ore":12,"minecraft:fern":353}},"DataVersion":3953}