{"stats":{"minecraft:crafted":{"minecraft:crafting_table":3,"minecraft:spruce_planks":128,"minecraft:wooden_pickaxe":1,"minecraft:furnace":1,"minecraft:stone_axe":1,"minecraft:cooked_mutton":1,"minecraft:air":0,"minecraft:stick":68,"minecraft:iron_ingot":7,"minecraft:iron_pickaxe":1,"minecraft:stone_pickaxe":2,"minecraft:wooden_axe":1,"minecraft:stone_sword":1,"minecraft:spruce_boat":1,"minecraft:torch":168},"minecraft:picked_up":{"minecraft:wooden_axe":1,"minecraft:crafting_table":6,"minecraft:salmon":7,"minecraft:brown_mushroom":1,"minecraft:wooden_pickaxe":2,"minecraft:gunpowder":6,"minecraft:string":1,"minecraft:moss_carpet":2,"minecraft:bow":1,"minecraft:wheat_seeds":6,"minecraft:moss_block":3,"minecraft:furnace":1,"minecraft:raw_iron":22,"minecraft:stick":15,"minecraft:sandstone":4,"minecraft:torch":2,"minecraft:sand":21,"minecraft:spruce_sapling":37,"minecraft:spruce_log":196,"minecraft:spider_eye":1,"minecraft:arrow":6,"minecraft:rotten_flesh":9,"minecraft:slime_ball":6,"minecraft:tropical_fish":5,"minecraft:bone_meal":2,"minecraft:glow_berries":39,"minecraft:mutton":1,"minecraft:coal":147,"minecraft:white_wool":1,"minecraft:cobblestone":156},"minecraft:killed_by":{"minecraft:skeleton":8,"minecraft:creeper":2,"minecraft:spider":1,"minecraft:zombie":5},"minecraft:custom":{"minecraft:interact_with_furnace":3,"minecraft:mob_kills":33,"minecraft:interact_with_crafting_table":11,"minecraft:leave_game":1,"minecraft:time_since_death":416,"minecraft:climb_one_cm":376,"minecraft:time_since_rest":438,"minecraft:sprint_one_cm":178217,"minecraft:damage_taken":4502,"minecraft:walk_one_cm":98963,"minecraft:damage_dealt":3744,"minecraft:swim_one_cm":17733,"minecraft:fly_one_cm":206018,"minecraft:crouch_one_cm":12588,"minecraft:play_time":130989,"minecraft:deaths":16,"minecraft:sneak_time":5721,"minecraft:walk_under_water_one_cm":7497,"minecraft:jump":1092,"minecraft:walk_on_water_one_cm":9073,"minecraft:total_world_time":130989,"minecraft:fall_one_cm":41307},"minecraft:killed":{"minecraft:salmon":7,"minecraft:spider":1,"minecraft:slime":12,"minecraft:creeper":2,"minecraft:sheep":1,"minecraft:skeleton":4,"minecraft:zombie":6},"minecraft:broken":{"minecraft:stone_pickaxe":2,"minecraft:stone_axe":1,"minecraft:wooden_axe":1},"minecraft:used":{"minecraft:cooked_mutton":1,"minecraft:stone_sword":61,"minecraft:stone_pickaxe":272,"minecraft:wooden_pickaxe":5,"minecraft:torch":154,"minecraft:glow_berries":3,"minecraft:sand":3,"minecraft:crafting_table":8,"minecraft:spruce_log":4,"minecraft:wooden_axe":53,"minecraft:iron_pickaxe":101,"minecraft:stone_axe":123,"minecraft:cobblestone":32,"minecraft:furnace":2},"minecraft:mined":{"minecraft:brown_mushroom":1,"minecraft:crafting_table":5,"minecraft:cave_vines_plant":28,"minecraft:short_grass":8,"minecraft:tall_grass":5,"minecraft:spruce_leaves":1,"minecraft:moss_block":4,"minecraft:large_fern":2,"minecraft:furnace":1,"minecraft:iron_ore":22,"minecraft:spruce_log":141,"minecraft:coal_ore":147,"minecraft:cave_vines":28,"minecraft:stone":152}},"DataVersion":3953}