{"stats":{"minecraft:killed_by":{"minecraft:creeper":4,"minecraft:zombie":4,"minecraft:spider":1,"minecraft:enderman":2,"minecraft:skeleton":7},"minecraft:killed":{"minecraft:spider":15,"minecraft:skeleton":31,"minecraft:pig":1,"minecraft:creeper":12,"minecraft:sheep":3,"minecraft:trader_llama":4,"minecraft:pillager":5,"minecraft:donkey":4,"minecraft:zombie":41,"minecraft:glow_squid":1,"minecraft:cow":12,"minecraft:wandering_trader":2,"minecraft:enderman":10},"minecraft:dropped":{"minecraft:moss_block":5,"minecraft:short_grass":76,"minecraft:dark_oak_sapling":11,"minecraft:cooked_porkchop":64,"minecraft:glow_berries":4,"minecraft:dirt":21,"minecraft:cherry_leaves":163,"minecraft:wooden_sword":1,"minecraft:iron_pickaxe":3,"minecraft:dark_oak_planks":70,"minecraft:birch_sapling":2,"minecraft:cherry_sapling":3,"minecraft:rotten_flesh":2,"minecraft:oak_planks":2,"minecraft:fern":7,"minecraft:azalea":3,"minecraft:arrow":4,"minecraft:vine":3,"minecraft:wheat_seeds":7,"minecraft:cobblestone":195,"minecraft:granite":4,"minecraft:grass_block":1,"minecraft:polished_andesite":2,"minecraft:dark_oak_leaves":205,"minecraft:torch":29,"travelersbackpack:spider":2,"minecraft:jungle_leaves":16,"minecraft:flowering_azalea":3,"minecraft:polished_andesite_stairs":2,"minecraft:smooth_stone":2,"minecraft:string":11,"minecraft:pink_petals":5,"minecraft:pink_tulip":7,"minecraft:moss_carpet":3,"minecraft:light_gray_wool":1,"minecraft:allium":2,"minecraft:spruce_planks":2,"minecraft:diamond_pickaxe":1,"minecraft:andesite":4,"minecraft:stripped_cherry_log":1},"minecraft:broken":{"minecraft:iron_shovel":4,"minecraft:shears":3,"minecraft:iron_sword":1,"minecraft:shield":2,"minecraft:iron_axe":5,"minecraft:iron_helmet":1},"minecraft:picked_up":{"minecraft:iron_chestplate":1,"minecraft:flower_pot":2,"minecraft:lead":23,"travelersbackpack:spider":6,"minecraft:amethyst_block":156,"minecraft:string":50,"minecraft:raw_copper":171,"minecraft:cherry_pressure_plate":7,"minecraft:activator_rail":4,"minecraft:cobbled_deepslate":422,"minecraft:gold_nugget":18,"minecraft:smooth_stone":2,"minecraft:bucket":1,"minecraft:dark_oak_leaves":483,"minecraft:spruce_planks":2,"minecraft:white_tulip":59,"minecraft:cobblestone_slab":244,"minecraft:calcite":9,"minecraft:azalea":7,"minecraft:iron_pickaxe":7,"minecraft:azalea_leaves":12,"minecraft:iron_boots":1,"minecraft:furnace":1,"minecraft:stick":122,"minecraft:big_dripleaf":4,"minecraft:oak_fence":6,"minecraft:torch":134,"minecraft:porkchop":7,"minecraft:cherry_log":440,"minecraft:diorite":3,"minecraft:vine":4,"minecraft:golden_chestplate":1,"minecraft:rotten_flesh":136,"minecraft:tropical_fish":14,"minecraft:obsidian":34,"minecraft:cobblestone":1050,"minecraft:birch_log":78,"minecraft:enchanting_table":1,"minecraft:pink_petals":324,"minecraft:magma_block":4,"minecraft:cherry_planks":7,"minecraft:cherry_leaves":340,"minecraft:water_bucket":2,"minecraft:andesite":4,"minecraft:dark_oak_boat":1,"minecraft:golden_leggings":1,"minecraft:potato":1,"minecraft:flint":10,"minecraft:tuff":90,"minecraft:cherry_fence":2,"minecraft:lantern":10,"travelersbackpack:gold_tier_upgrade":1,"minecraft:lapis_lazuli":82,"minecraft:cherry_door":4,"minecraft:dirt":1167,"minecraft:name_tag":1,"minecraft:bone":54,"minecraft:glass":5,"minecraft:chipped_anvil":1,"minecraft:bow":1,"minecraft:wheat_seeds":168,"minecraft:raw_gold":141,"minecraft:bamboo":310,"minecraft:powered_rail":2,"minecraft:moss_block":35,"minecraft:oak_planks":4,"minecraft:cooked_porkchop":128,"minecraft:grass_block":6,"minecraft:dark_oak_log":351,"minecraft:jungle_leaves":32,"minecraft:polished_andesite":12,"minecraft:diamond":203,"minecraft:granite":8,"minecraft:golden_apple":1,"minecraft:emerald":2,"minecraft:cherry_slab":115,"minecraft:netherrack":19,"minecraft:diamond_pickaxe":2,"minecraft:crafting_table":4,"minecraft:allium":183,"minecraft:ominous_bottle":2,"minecraft:clay_ball":84,"minecraft:gold_block":1,"minecraft:stripped_cherry_log":33,"minecraft:shield":3,"minecraft:moss_carpet":7,"minecraft:wooden_sword":2,"minecraft:iron_axe":1,"minecraft:flint_and_steel":1,"minecraft:item_frame":1,"minecraft:iron_shovel":1,"minecraft:beef":30,"minecraft:iron_nugget":7,"minecraft:light_gray_wool":1,"minecraft:sugar_cane":6,"minecraft:chest":10,"minecraft:birch_sapling":2,"minecraft:cherry_button":30,"minecraft:cherry_trapdoor":4,"minecraft:egg":14,"minecraft:dark_oak_sapling":21,"minecraft:raw_iron":168,"minecraft:cherry_stairs":6,"minecraft:flowering_azalea_leaves":16,"minecraft:fire_charge":2,"minecraft:redstone":159,"minecraft:dark_oak_planks":6,"minecraft:arrow":62,"minecraft:shears":3,"minecraft:pink_tulip":132,"minecraft:gold_ingot":9,"minecraft:glow_berries":67,"minecraft:mutton":3,"minecraft:white_wool":11,"minecraft:rail":10,"minecraft:birch_leaves":1,"minecraft:glow_ink_sac":5,"minecraft:leather":25,"minecraft:fern":6,"minecraft:birch_planks":4,"minecraft:golden_boots":1,"minecraft:gunpowder":16,"minecraft:cobblestone_wall":27,"minecraft:cobblestone_stairs":8,"minecraft:paper":4,"minecraft:white_banner":2,"minecraft:apple":3,"minecraft:spore_blossom":5,"minecraft:iron_ingot":30,"minecraft:flowering_azalea":5,"minecraft:scaffolding":78,"minecraft:polished_andesite_stairs":2,"minecraft:dripstone_block":1,"minecraft:gravel":11,"minecraft:amethyst_shard":4,"minecraft:blast_furnace":5,"minecraft:spider_eye":4,"travelersbackpack:standard":1,"minecraft:honey_block":3,"minecraft:short_grass":79,"minecraft:cherry_sapling":93,"minecraft:melon_seeds":6,"minecraft:coal":276,"minecraft:ender_pearl":8},"minecraft:custom":{"minecraft:interact_with_crafting_table":55,"minecraft:leave_game":27,"minecraft:time_since_death":36138,"minecraft:sprint_one_cm":1179918,"minecraft:damage_blocked_by_shield":7365,"minecraft:drop":66,"minecraft:talked_to_villager":2,"minecraft:play_time":709050,"minecraft:deaths":24,"minecraft:jump":8469,"minecraft:walk_on_water_one_cm":74725,"minecraft:interact_with_furnace":17,"minecraft:sleep_in_bed":26,"minecraft:damage_dealt":27184,"minecraft:crouch_one_cm":115528,"minecraft:interact_with_smoker":4,"minecraft:mob_kills":151,"minecraft:interact_with_anvil":1,"minecraft:climb_one_cm":45904,"minecraft:walk_one_cm":1355691,"minecraft:sneak_time":39969,"minecraft:walk_under_water_one_cm":31575,"minecraft:boat_one_cm":155888,"minecraft:interact_with_blast_furnace":33,"minecraft:total_world_time":709050,"minecraft:pot_flower":10,"minecraft:time_since_rest":3043,"minecraft:damage_taken":12834,"minecraft:swim_one_cm":46989,"minecraft:fly_one_cm":1622139,"minecraft:open_chest":342,"minecraft:fall_one_cm":241200},"minecraft:mined":{"minecraft:large_amethyst_bud":1,"minecraft:cherry_log":389,"minecraft:jungle_leaves":25,"minecraft:obsidian":21,"minecraft:cherry_trapdoor":4,"minecraft:cave_vines_plant":76,"minecraft:granite":4,"minecraft:budding_amethyst":13,"minecraft:grass_block":264,"minecraft:magma_block":2,"minecraft:iron_ore":74,"minecraft:cobbled_deepslate":30,"minecraft:moss_carpet":1,"minecraft:deepslate_lapis_ore":2,"minecraft:enchanting_table":1,"minecraft:cave_vines":77,"minecraft:flowering_azalea_leaves":16,"minecraft:dirt_path":1,"minecraft:small_amethyst_bud":1,"minecraft:pink_tulip":114,"minecraft:azalea_leaves":12,"minecraft:deepslate_redstone_ore":30,"minecraft:medium_amethyst_bud":2,"minecraft:soul_fire":6,"minecraft:amethyst_cluster":1,"minecraft:clay":12,"minecraft:torch":14,"minecraft:blast_furnace":4,"minecraft:calcite":9,"minecraft:chest":7,"minecraft:cobblestone":23,"minecraft:sugar_cane":1,"minecraft:wall_torch":7,"minecraft:amethyst_block":157,"minecraft:cherry_slab":102,"minecraft:pink_petals":164,"minecraft:cherry_fence":2,"minecraft:birch_log":29,"minecraft:dirt":604,"minecraft:netherrack":19,"minecraft:deepslate":334,"minecraft:tuff":94,"minecraft:dark_oak_leaves":460,"minecraft:deepslate_diamond_ore":166,"minecraft:stripped_cherry_log":32,"minecraft:dark_oak_log":188,"minecraft:glow_lichen":1,"minecraft:allium":183,"minecraft:moss_block":32,"minecraft:spore_blossom":5,"minecraft:redstone_ore":6,"minecraft:furnace":1,"minecraft:cobblestone_slab":74,"minecraft:deepslate_iron_ore":84,"minecraft:vine":52,"minecraft:rail":3,"minecraft:bamboo":23,"minecraft:stone":425,"minecraft:white_tulip":55,"travelersbackpack:spider":4,"minecraft:podzol":137,"minecraft:scaffolding":21,"minecraft:flowering_azalea":1,"minecraft:cherry_planks":1,"minecraft:short_grass":927,"minecraft:emerald_ore":1,"minecraft:tall_grass":14,"minecraft:lapis_ore":4,"minecraft:deepslate_gold_ore":96,"minecraft:diorite":3,"minecraft:big_dripleaf":4,"minecraft:cobblestone_wall":1,"minecraft:birch_leaves":2,"minecraft:coal_ore":88,"minecraft:cherry_leaves":319,"minecraft:dripstone_block":1,"minecraft:potted_white_tulip":2,"minecraft:polished_andesite":9,"minecraft:small_dripleaf":1,"minecraft:chipped_anvil":1,"minecraft:gold_ore":8,"minecraft:fern":310},"minecraft:crafted":{"minecraft:brick":24,"minecraft:dark_oak_boat":2,"minecraft:cherry_slab":288,"minecraft:iron_boots":1,"minecraft:chest":21,"minecraft:cherry_fence":12,"minecraft:flower_pot":8,"minecraft:smoker":3,"minecraft:item_frame":8,"minecraft:cooked_porkchop":1,"minecraft:diamond_axe":1,"minecraft:crafting_table":2,"minecraft:iron_helmet":1,"minecraft:book":1,"minecraft:shield":1,"minecraft:stick":100,"minecraft:iron_ingot":160,"minecraft:iron_block":3,"minecraft:gold_ingot":118,"minecraft:shears":3,"minecraft:cherry_planks":236,"minecraft:iron_nugget":432,"minecraft:furnace":3,"minecraft:bone_meal":105,"minecraft:scaffolding":108,"minecraft:cherry_trapdoor":12,"minecraft:lantern":46,"minecraft:iron_axe":2,"minecraft:dark_oak_planks":268,"minecraft:cooked_beef":16,"minecraft:diamond_sword":1,"minecraft:enchanting_table":1,"minecraft:iron_sword":1,"minecraft:air":0,"minecraft:gold_nugget":2,"minecraft:iron_shovel":3,"minecraft:anvil":1,"minecraft:torch":164},"minecraft:used":{"minecraft:moss_block":14,"minecraft:moss_carpet":1,"minecraft:iron_shovel":987,"minecraft:chest":20,"minecraft:shield":150,"minecraft:iron_sword":281,"minecraft:allium":13,"minecraft:tuff":90,"minecraft:obsidian":18,"minecraft:big_dripleaf":4,"minecraft:lava_bucket":3,"minecraft:lantern":22,"minecraft:grass_block":4,"minecraft:polished_andesite_stairs":1,"minecraft:dark_oak_leaves":77,"minecraft:cherry_leaves":15,"minecraft:item_frame":6,"minecraft:bow":35,"minecraft:dark_oak_boat":3,"minecraft:scaffolding":80,"minecraft:furnace":4,"minecraft:egg":27,"travelersbackpack:spider":10,"minecraft:diorite":3,"minecraft:birch_leaves":1,"minecraft:diamond_axe":78,"minecraft:glow_berries":69,"minecraft:blast_furnace":4,"minecraft:dripstone_block":1,"minecraft:shears":718,"minecraft:dark_oak_log":18,"minecraft:flowering_azalea_leaves":4,"minecraft:diamond_sword":586,"minecraft:stripped_cherry_log":32,"minecraft:bone_meal":16,"minecraft:azalea":1,"minecraft:netherite_sword":5,"minecraft:enchanting_table":1,"minecraft:white_tulip":8,"minecraft:flint_and_steel":122,"minecraft:netherrack":19,"minecraft:torch":141,"minecraft:dirt":1084,"minecraft:anvil":1,"minecraft:cobblestone_wall":11,"minecraft:iron_axe":850,"minecraft:cherry_slab":211,"minecraft:cherry_trapdoor":14,"minecraft:cobbled_deepslate":239,"minecraft:cherry_fence":22,"minecraft:cherry_log":205,"minecraft:cooked_mutton":7,"minecraft:water_bucket":99,"minecraft:pink_tulip":6,"minecraft:amethyst_block":125,"minecraft:lead":1,"minecraft:polished_andesite":12,"minecraft:cherry_planks":1,"minecraft:cobblestone_slab":35,"minecraft:crafting_table":4,"minecraft:smoker":3,"minecraft:flower_pot":10,"minecraft:diamond_pickaxe":1949,"minecraft:pink_petals":297,"minecraft:cobblestone":226,"minecraft:cooked_porkchop":74,"minecraft:bucket":103}},"DataVersion":3953}