{"stats":{"minecraft:broken":{"minecraft:wooden_axe":1},"minecraft:killed_by":{"minecraft:skeleton":5,"minecraft:spider":1,"minecraft:zombie":3},"minecraft:custom":{"minecraft:time_since_rest":4793,"minecraft:sprint_one_cm":51565,"minecraft:damage_taken":2425,"minecraft:walk_one_cm":24233,"minecraft:mob_kills":5,"minecraft:damage_dealt":1087,"minecraft:swim_one_cm":8748,"minecraft:interact_with_crafting_table":4,"minecraft:fly_one_cm":71876,"minecraft:crouch_one_cm":3347,"minecraft:play_time":40562,"minecraft:deaths":9,"minecraft:sneak_time":1503,"minecraft:walk_under_water_one_cm":1633,"minecraft:jump":346,"minecraft:walk_on_water_one_cm":3146,"minecraft:time_since_death":3922,"minecraft:total_world_time":40562,"minecraft:fall_one_cm":15358},"minecraft:mined":{"minecraft:large_fern":2,"minecraft:brown_mushroom":1,"minecraft:spruce_log":50,"minecraft:crafting_table":3,"minecraft:coal_ore":34,"minecraft:spruce_leaves":1,"minecraft:stone":26},"minecraft:killed":{"minecraft:skeleton":1,"minecraft:zombie":3,"minecraft:creeper":1},"minecraft:crafted":{"minecraft:crafting_table":3,"minecraft:stick":68,"minecraft:spruce_planks":128,"minecraft:wooden_pickaxe":1,"minecraft:stone_pickaxe":1,"minecraft:wooden_axe":1,"minecraft:torch":64,"minecraft:stone_axe":1},"minecraft:used":{"minecraft:wooden_axe":53,"minecraft:stone_pickaxe":56,"minecraft:wooden_pickaxe":5,"minecraft:stone_axe":23,"minecraft:torch":4,"minecraft:crafting_table":3,"minecraft:spruce_log":4},"minecraft:picked_up":{"minecraft:wooden_axe":1,"minecraft:stick":6,"minecraft:crafting_table":4,"minecraft:brown_mushroom":1,"minecraft:wooden_pickaxe":2,"minecraft:spruce_sapling":33,"minecraft:spruce_log":105,"minecraft:gunpowder":6,"minecraft:rotten_flesh":4,"minecraft:wheat_seeds":3,"minecraft:coal":34,"minecraft:cobblestone":26}},"DataVersion":3953}