{"stats":{"minecraft:broken":{"minecraft:wooden_axe":1},"minecraft:killed_by":{"minecraft:skeleton":3,"minecraft:zombie":3},"minecraft:custom":{"minecraft:time_since_rest":11601,"minecraft:sprint_one_cm":30379,"minecraft:damage_taken":1745,"minecraft:walk_one_cm":13452,"minecraft:mob_kills":3,"minecraft:damage_dealt":687,"minecraft:swim_one_cm":3755,"minecraft:interact_with_crafting_table":3,"minecraft:fly_one_cm":49066,"minecraft:crouch_one_cm":2170,"minecraft:play_time":28562,"minecraft:deaths":6,"minecraft:sneak_time":962,"minecraft:walk_under_water_one_cm":273,"minecraft:jump":224,"minecraft:walk_on_water_one_cm":397,"minecraft:time_since_death":11573,"minecraft:total_world_time":28562,"minecraft:fall_one_cm":9458},"minecraft:mined":{"minecraft:large_fern":1,"minecraft:brown_mushroom":1,"minecraft:spruce_log":37,"minecraft:crafting_table":1,"minecraft:coal_ore":12,"minecraft:spruce_leaves":1,"minecraft:stone":10},"minecraft:killed":{"minecraft:zombie":2,"minecraft:creeper":1},"minecraft:crafted":{"minecraft:crafting_table":3,"minecraft:stick":68,"minecraft:spruce_planks":128,"minecraft:wooden_pickaxe":1,"minecraft:stone_pickaxe":1,"minecraft:wooden_axe":1,"minecraft:torch":4},"minecraft:used":{"minecraft:wooden_axe":53,"minecraft:stone_pickaxe":18,"minecraft:wooden_pickaxe":5,"minecraft:crafting_table":3,"minecraft:spruce_log":4},"minecraft:picked_up":{"minecraft:wooden_axe":1,"minecraft:stick":6,"minecraft:crafting_table":2,"minecraft:brown_mushroom":1,"minecraft:wooden_pickaxe":2,"minecraft:spruce_sapling":30,"minecraft:spruce_log":92,"minecraft:gunpowder":6,"minecraft:rotten_flesh":2,"minecraft:wheat_seeds":3,"minecraft:coal":12,"minecraft:cobblestone":10}},"DataVersion":3953}