{"stats":{"minecraft:picked_up":{"minecraft:crafting_table":1,"minecraft:allium":1,"minecraft:clay_ball":18,"minecraft:lead":5,"travelersbackpack:spider":3,"minecraft:shield":1,"minecraft:string":2,"minecraft:moss_carpet":3,"minecraft:raw_copper":43,"minecraft:wooden_sword":1,"minecraft:cobbled_deepslate":53,"minecraft:dark_oak_leaves":233,"minecraft:spruce_planks":2,"minecraft:beef":20,"minecraft:cobblestone_slab":54,"minecraft:azalea":3,"minecraft:iron_pickaxe":1,"minecraft:cherry_button":15,"minecraft:egg":1,"minecraft:dark_oak_sapling":8,"minecraft:stick":21,"minecraft:raw_iron":76,"minecraft:cherry_stairs":3,"minecraft:oak_fence":2,"minecraft:torch":7,"minecraft:cherry_log":101,"minecraft:diorite":3,"minecraft:vine":3,"minecraft:rotten_flesh":27,"minecraft:arrow":18,"minecraft:tropical_fish":6,"minecraft:pink_tulip":1,"minecraft:glow_berries":20,"minecraft:obsidian":15,"minecraft:cobblestone":496,"minecraft:rail":3,"minecraft:birch_log":26,"minecraft:pink_petals":5,"minecraft:magma_block":2,"minecraft:birch_leaves":1,"minecraft:cherry_planks":1,"minecraft:glow_ink_sac":2,"minecraft:cherry_leaves":75,"minecraft:andesite":2,"minecraft:leather":17,"minecraft:fern":1,"minecraft:tuff":20,"minecraft:gunpowder":1,"minecraft:cobblestone_stairs":4,"minecraft:cherry_door":2,"minecraft:lapis_lazuli":14,"minecraft:dirt":42,"minecraft:lantern":6,"minecraft:bone":18,"minecraft:wheat_seeds":9,"minecraft:raw_gold":41,"minecraft:bamboo":120,"minecraft:moss_block":14,"minecraft:flowering_azalea":2,"minecraft:oak_planks":2,"minecraft:dripstone_block":1,"minecraft:grass_block":1,"minecraft:dark_oak_log":60,"minecraft:jungle_leaves":16,"minecraft:polished_andesite":2,"minecraft:diamond":31,"minecraft:granite":4,"minecraft:cherry_sapling":14,"minecraft:emerald":1,"minecraft:netherrack":19,"minecraft:coal":75,"minecraft:ender_pearl":2},"minecraft:killed":{"minecraft:spider":7,"minecraft:skeleton":15,"minecraft:creeper":3,"minecraft:donkey":4,"minecraft:zombie":21,"minecraft:cow":10,"minecraft:enderman":2},"minecraft:custom":{"minecraft:mob_kills":67,"minecraft:interact_with_anvil":1,"minecraft:interact_with_crafting_table":13,"minecraft:leave_game":15,"minecraft:time_since_death":4802,"minecraft:climb_one_cm":12157,"minecraft:sprint_one_cm":368766,"minecraft:walk_one_cm":350022,"minecraft:damage_blocked_by_shield":5055,"minecraft:drop":14,"minecraft:play_time":202586,"minecraft:deaths":14,"minecraft:sneak_time":11408,"minecraft:walk_under_water_one_cm":17489,"minecraft:boat_one_cm":63395,"minecraft:jump":2684,"minecraft:interact_with_blast_furnace":6,"minecraft:walk_on_water_one_cm":32541,"minecraft:total_world_time":202586,"minecraft:interact_with_furnace":1,"minecraft:sleep_in_bed":7,"minecraft:time_since_rest":4826,"minecraft:damage_taken":5709,"minecraft:damage_dealt":11381,"minecraft:swim_one_cm":41436,"minecraft:fly_one_cm":539031,"minecraft:open_chest":64,"minecraft:crouch_one_cm":30063,"minecraft:fall_one_cm":83341},"minecraft:broken":{"minecraft:shears":1,"minecraft:shield":2,"minecraft:iron_sword":1},"minecraft:killed_by":{"minecraft:creeper":3,"minecraft:skeleton":6,"minecraft:zombie":2},"minecraft:dropped":{"minecraft:dark_oak_sapling":1,"minecraft:cobblestone":171,"minecraft:torch":29,"travelersbackpack:spider":1,"minecraft:iron_pickaxe":1,"minecraft:pink_petals":5,"minecraft:pink_tulip":1,"minecraft:rotten_flesh":2,"minecraft:fern":3,"minecraft:spruce_planks":2,"minecraft:andesite":2,"minecraft:arrow":4},"minecraft:used":{"minecraft:moss_block":9,"minecraft:netherite_sword":5,"minecraft:enchanting_table":1,"minecraft:chest":2,"minecraft:shield":108,"minecraft:iron_sword":263,"minecraft:netherrack":19,"minecraft:torch":36,"minecraft:dirt":23,"minecraft:anvil":1,"minecraft:tuff":20,"minecraft:lantern":2,"minecraft:iron_axe":208,"minecraft:grass_block":1,"minecraft:polished_andesite_stairs":1,"minecraft:dark_oak_boat":1,"minecraft:furnace":3,"minecraft:egg":21,"minecraft:cobbled_deepslate":40,"minecraft:cherry_fence":10,"minecraft:cherry_log":15,"minecraft:cooked_mutton":7,"travelersbackpack:spider":7,"minecraft:diorite":3,"minecraft:lead":1,"minecraft:polished_andesite":4,"minecraft:cobblestone_slab":4,"minecraft:glow_berries":26,"minecraft:crafting_table":1,"minecraft:dripstone_block":1,"minecraft:shears":469,"minecraft:diamond_pickaxe":550,"minecraft:dark_oak_log":3,"minecraft:cobblestone":166,"minecraft:cooked_porkchop":16},"minecraft:crafted":{"minecraft:cherry_planks":44,"minecraft:dark_oak_boat":1,"minecraft:iron_boots":1,"minecraft:iron_axe":1,"minecraft:chest":5,"minecraft:dark_oak_planks":20,"minecraft:crafting_table":1,"minecraft:enchanting_table":1,"minecraft:iron_helmet":1,"minecraft:iron_sword":1,"minecraft:air":0,"minecraft:book":1,"minecraft:shield":1,"minecraft:iron_ingot":68,"minecraft:iron_block":3,"minecraft:anvil":1,"minecraft:shears":3},"minecraft:mined":{"minecraft:tuff":21,"minecraft:dark_oak_leaves":348,"minecraft:deepslate_diamond_ore":31,"minecraft:cherry_log":94,"minecraft:jungle_leaves":24,"minecraft:dark_oak_log":61,"minecraft:obsidian":15,"minecraft:cave_vines_plant":18,"minecraft:granite":4,"minecraft:allium":1,"minecraft:moss_block":14,"minecraft:magma_block":2,"minecraft:iron_ore":56,"minecraft:cobbled_deepslate":1,"minecraft:moss_carpet":1,"minecraft:deepslate_lapis_ore":2,"minecraft:deepslate_iron_ore":18,"minecraft:cave_vines":10,"minecraft:cobblestone_slab":1,"minecraft:vine":6,"minecraft:rail":3,"minecraft:pink_tulip":1,"minecraft:bamboo":15,"minecraft:stone":214,"travelersbackpack:spider":3,"minecraft:cherry_planks":1,"minecraft:clay":4,"minecraft:torch":5,"minecraft:short_grass":11,"minecraft:emerald_ore":1,"minecraft:tall_grass":8,"minecraft:cobblestone":8,"minecraft:deepslate_gold_ore":33,"minecraft:diorite":3,"minecraft:wall_torch":1,"minecraft:birch_leaves":2,"minecraft:coal_ore":32,"minecraft:cherry_leaves":126,"minecraft:dripstone_block":1,"minecraft:dirt":7,"minecraft:polished_andesite":1,"minecraft:small_dripleaf":1,"minecraft:netherrack":19,"minecraft:gold_ore":8,"minecraft:deepslate":50,"minecraft:fern":4}},"DataVersion":3953}