{"stats":{"minecraft:picked_up":{"minecraft:iron_chestplate":1,"minecraft:crafting_table":3,"minecraft:allium":243,"minecraft:ominous_bottle":1,"minecraft:clay_ball":4,"minecraft:brown_mushroom":1,"minecraft:gold_block":4,"minecraft:stripped_cherry_log":25,"minecraft:string":60,"minecraft:raw_copper":189,"minecraft:iron_axe":1,"minecraft:flint_and_steel":3,"minecraft:iron_shovel":1,"minecraft:activator_rail":8,"minecraft:smooth_stone":2,"minecraft:gold_nugget":72,"minecraft:cobbled_deepslate":5,"minecraft:dark_oak_leaves":558,"minecraft:beef":6,"minecraft:white_tulip":32,"minecraft:cobblestone_slab":13,"minecraft:jungle_sapling":6,"minecraft:azalea":1,"minecraft:iron_pickaxe":5,"minecraft:light_gray_wool":3,"minecraft:chest":46,"minecraft:birch_sapling":12,"minecraft:cherry_trapdoor":1,"minecraft:furnace":12,"minecraft:egg":1,"minecraft:dark_oak_sapling":18,"minecraft:raw_iron":141,"minecraft:stick":82,"minecraft:stone":36,"minecraft:cherry_stairs":2,"minecraft:big_dripleaf":4,"minecraft:oak_fence":6,"minecraft:torch":229,"minecraft:porkchop":9,"minecraft:cherry_log":604,"minecraft:diorite":45,"minecraft:vine":6,"minecraft:carrot":1,"minecraft:arrow":20,"minecraft:rotten_flesh":87,"minecraft:tropical_fish":2,"minecraft:pink_tulip":127,"minecraft:mangrove_roots":4,"minecraft:gold_ingot":9,"minecraft:totem_of_undying":1,"minecraft:obsidian":2,"minecraft:mutton":14,"minecraft:rail":8,"minecraft:white_wool":16,"minecraft:cobblestone":864,"minecraft:birch_log":79,"minecraft:pink_petals":212,"minecraft:birch_leaves":8,"minecraft:cherry_planks":10,"minecraft:cherry_leaves":2056,"minecraft:fern":31,"minecraft:leather":8,"minecraft:potato":1,"minecraft:birch_planks":105,"minecraft:flint":12,"minecraft:tuff":3,"minecraft:cherry_fence":1,"minecraft:gunpowder":15,"travelersbackpack:gold_tier_upgrade":1,"minecraft:lapis_lazuli":41,"minecraft:dirt":691,"minecraft:lantern":24,"minecraft:white_banner":1,"minecraft:name_tag":2,"minecraft:cooked_mutton":14,"minecraft:leather_boots":4,"minecraft:glass":9,"minecraft:bone":16,"minecraft:apple":3,"minecraft:bow":5,"minecraft:wheat_seeds":82,"minecraft:raw_gold":14,"minecraft:iron_ingot":2,"minecraft:bamboo":51,"minecraft:powered_rail":2,"minecraft:moss_block":38,"minecraft:polished_andesite_stairs":3,"travelersbackpack:squid":1,"minecraft:gravel":1,"minecraft:sand":43,"minecraft:blast_furnace":11,"minecraft:white_bed":9,"minecraft:grass_block":5,"minecraft:dark_oak_log":444,"minecraft:spider_eye":2,"minecraft:jungle_leaves":50,"minecraft:polished_andesite":3,"minecraft:diamond":18,"minecraft:honey_block":14,"minecraft:short_grass":79,"minecraft:cherry_sapling":161,"minecraft:golden_apple":1,"minecraft:cherry_slab":3,"minecraft:melon_seeds":6,"minecraft:coal":317,"minecraft:oak_leaves":5,"minecraft:ender_pearl":1},"minecraft:custom":{"minecraft:mob_kills":82,"minecraft:interact_with_crafting_table":47,"minecraft:leave_game":12,"minecraft:time_since_death":17114,"minecraft:climb_one_cm":26744,"minecraft:sprint_one_cm":820183,"minecraft:walk_one_cm":708033,"minecraft:damage_blocked_by_shield":1553,"minecraft:drop":161,"minecraft:play_time":444047,"minecraft:sneak_time":26646,"minecraft:deaths":29,"minecraft:walk_under_water_one_cm":14147,"minecraft:jump":5837,"minecraft:interact_with_blast_furnace":25,"minecraft:walk_on_water_one_cm":32387,"minecraft:total_world_time":444047,"minecraft:interact_with_furnace":48,"minecraft:sleep_in_bed":14,"minecraft:time_since_rest":22640,"minecraft:damage_taken":11399,"minecraft:damage_dealt":13914,"minecraft:player_kills":2,"minecraft:swim_one_cm":55272,"minecraft:fly_one_cm":1528808,"minecraft:open_chest":130,"minecraft:crouch_one_cm":66034,"minecraft:fall_one_cm":181006},"minecraft:killed":{"minecraft:spider":6,"minecraft:skeleton":13,"minecraft:pig":3,"minecraft:creeper":5,"minecraft:sheep":9,"minecraft:pillager":3,"minecraft:zombie":39,"minecraft:player":1,"minecraft:enderman":2,"minecraft:cow":2},"minecraft:killed_by":{"minecraft:zombie_villager":1,"minecraft:creeper":3,"minecraft:enderman":2,"minecraft:skeleton":10,"minecraft:zombie":8},"minecraft:dropped":{"minecraft:short_grass":3,"minecraft:iron_sword":1,"minecraft:vine":6,"minecraft:moss_block":11,"minecraft:brown_mushroom":1,"minecraft:birch_planks":276,"minecraft:birch_leaves":8,"minecraft:wheat_seeds":20,"minecraft:cherry_log":547,"minecraft:dark_oak_sapling":13,"minecraft:cooked_porkchop":22,"minecraft:cobblestone":500,"minecraft:lantern":39,"travelersbackpack:standard":1,"minecraft:grass_block":1,"minecraft:dirt":27,"minecraft:dark_oak_leaves":431,"minecraft:torch":128,"minecraft:cherry_planks":2,"minecraft:cherry_leaves":2041,"minecraft:jungle_sapling":2,"minecraft:jungle_leaves":50,"minecraft:iron_axe":4,"minecraft:iron_pickaxe":3,"minecraft:string":1,"minecraft:pink_petals":4,"minecraft:birch_log":20,"minecraft:pink_tulip":24,"minecraft:white_tulip":10,"minecraft:stone_axe":1,"minecraft:mangrove_roots":1,"minecraft:tuff":1,"minecraft:birch_sapling":5,"minecraft:cherry_sapling":99,"minecraft:light_gray_wool":3,"minecraft:clay_ball":4,"minecraft:fern":28,"minecraft:cherry_slab":1,"minecraft:totem_of_undying":1,"minecraft:big_dripleaf":1,"minecraft:stone":18,"minecraft:shield":1,"minecraft:allium":47,"minecraft:iron_chestplate":2,"minecraft:andesite":134,"minecraft:azalea":1,"minecraft:stripped_cherry_log":25,"minecraft:bow":1,"minecraft:oak_leaves":2},"minecraft:crafted":{"minecraft:smooth_stone":14,"minecraft:iron_nugget":127,"minecraft:furnace":7,"minecraft:blast_furnace":4,"minecraft:stone":33,"minecraft:flint_and_steel":1,"minecraft:glass":25,"minecraft:lantern":15,"travelersbackpack:white_sleeping_bag":2,"minecraft:iron_axe":7,"minecraft:stone_pickaxe":2,"minecraft:chest":16,"minecraft:dark_oak_planks":168,"minecraft:cooked_beef":3,"minecraft:cooked_porkchop":1,"minecraft:crafting_table":2,"travelersbackpack:backpack_tank":4,"travelersbackpack:standard":2,"minecraft:iron_sword":2,"minecraft:bucket":2,"minecraft:birch_planks":192,"minecraft:air":0,"minecraft:iron_chestplate":2,"minecraft:diamond_pickaxe":1,"minecraft:shield":2,"minecraft:stick":64,"minecraft:iron_ingot":141,"minecraft:iron_pickaxe":3,"minecraft:iron_leggings":1,"minecraft:gold_ingot":11,"minecraft:andesite":90,"minecraft:torch":152,"minecraft:shears":13},"minecraft:mined":{"minecraft:white_bed":6,"minecraft:dark_oak_leaves":671,"minecraft:deepslate_diamond_ore":6,"minecraft:cherry_log":527,"minecraft:dark_oak_log":191,"minecraft:jungle_leaves":65,"minecraft:stripped_cherry_log":3,"minecraft:obsidian":2,"minecraft:allium":73,"minecraft:grass_block":149,"minecraft:moss_block":12,"minecraft:furnace":6,"minecraft:iron_ore":105,"minecraft:fire":4,"minecraft:deepslate_lapis_ore":1,"minecraft:vine":22,"minecraft:cave_vines":1,"minecraft:deepslate_iron_ore":17,"minecraft:cobblestone_slab":11,"minecraft:pink_tulip":34,"minecraft:azalea":1,"minecraft:white_tulip":9,"minecraft:bamboo":1,"minecraft:stone":535,"minecraft:podzol":25,"minecraft:cherry_planks":9,"minecraft:clay":1,"minecraft:oak_fence":2,"minecraft:torch":8,"minecraft:crafting_table":2,"minecraft:short_grass":243,"minecraft:honey_block":2,"minecraft:blast_furnace":8,"minecraft:chest":20,"minecraft:copper_ore":6,"minecraft:tall_grass":4,"minecraft:cobblestone":17,"minecraft:deepslate_gold_ore":2,"minecraft:lapis_ore":2,"minecraft:diorite":45,"minecraft:wall_torch":2,"minecraft:big_dripleaf":2,"minecraft:pink_petals":32,"minecraft:birch_planks":3,"minecraft:birch_log":81,"minecraft:birch_leaves":23,"minecraft:coal_ore":163,"minecraft:cherry_leaves":1913,"minecraft:dirt":32,"minecraft:sand":29,"minecraft:cobweb":15,"minecraft:gold_ore":6,"minecraft:deepslate":5,"minecraft:fern":81},"minecraft:used":{"minecraft:moss_block":2,"minecraft:netherite_sword":6,"minecraft:flint_and_steel":4,"minecraft:chest":26,"minecraft:shield":29,"minecraft:iron_sword":309,"minecraft:stone":1,"minecraft:torch":80,"minecraft:dirt":225,"minecraft:carrot":1,"minecraft:big_dripleaf":1,"minecraft:lava_bucket":1,"minecraft:honey_block":2,"minecraft:iron_axe":967,"minecraft:grass_block":43,"minecraft:polished_andesite_stairs":1,"travelersbackpack:squid":1,"minecraft:dark_oak_leaves":50,"minecraft:cherry_leaves":17,"minecraft:bow":4,"minecraft:furnace":9,"minecraft:cooked_beef":3,"minecraft:cobbled_deepslate":5,"minecraft:cherry_log":53,"minecraft:cooked_mutton":5,"minecraft:water_bucket":9,"minecraft:birch_planks":8,"minecraft:stone_pickaxe":262,"minecraft:polished_andesite":3,"minecraft:cherry_planks":2,"minecraft:cobblestone_slab":10,"minecraft:leather_boots":1,"minecraft:oak_leaves":4,"minecraft:crafting_table":2,"minecraft:blast_furnace":11,"minecraft:white_bed":9,"minecraft:shears":2554,"minecraft:diamond_pickaxe":225,"minecraft:diamond_shovel":299,"minecraft:dark_oak_log":13,"minecraft:iron_pickaxe":472,"minecraft:gravel":1,"minecraft:stone_axe":100,"minecraft:pink_petals":92,"minecraft:cobblestone":49,"travelersbackpack:standard":5,"minecraft:cooked_porkchop":42,"minecraft:bucket":6,"minecraft:birch_log":13},"minecraft:broken":{"minecraft:shears":11,"minecraft:stone_pickaxe":2,"minecraft:iron_axe":2,"minecraft:leather_boots":1,"minecraft:iron_pickaxe":1}},"DataVersion":3953}